{"loss":{"0":2.6355326176,"1":0.6590370536,"2":0.4396688938,"3":0.3742088079,"4":0.3612335026,"5":0.335517019,"6":0.2741298378,"7":0.275380224,"8":0.3405951262,"9":0.2416301072,"10":0.2476722002,"11":0.2386187613,"12":0.2217933834,"13":0.2755565941,"14":0.3507581949,"15":0.2599144578,"16":0.3293315172,"17":0.3641221225,"18":0.3476161063,"19":0.2945047021,"20":0.3541535437,"21":0.3302023709,"22":0.2162187546,"23":0.2899542451,"24":0.2139777839,"25":0.2545232177,"26":0.2390945256,"27":0.2617549598,"28":0.2589113712,"29":0.3041689694,"30":0.307978034,"31":0.2051917315,"32":0.2059936821,"33":0.1686914265,"34":0.2271105796,"35":0.2681151032,"36":0.2115682811,"37":0.1224311441,"38":0.1817540973,"39":0.1373187602,"40":0.1932944804,"41":0.1594733745,"42":0.158987835,"43":0.1732218564,"44":0.1621081084,"45":0.1381955743,"46":0.1841435283,"47":0.1317741126,"48":0.2477232665,"49":0.1778053045},"accuracy":{"0":0.6777451038,"1":0.7510618567,"2":0.8030301929,"3":0.8042146564,"4":0.8344999552,"5":0.8163051605,"6":0.8520525694,"7":0.8321899176,"8":0.8034297824,"9":0.8376312256,"10":0.9066077471,"11":0.9111229181,"12":0.9331925511,"13":0.8999505043,"14":0.8412197232,"15":0.9095249176,"16":0.8812940717,"17":0.8428460956,"18":0.8711403012,"19":0.883934617,"20":0.8657100797,"21":0.8859990239,"22":0.9389478564,"23":0.8483476639,"24":0.9023882151,"25":0.9147062302,"26":0.9115741849,"27":0.8984939456,"28":0.9241924286,"29":0.9074819684,"30":0.8999704123,"31":0.9410560727,"32":0.933295846,"33":0.9506851435,"34":0.9276378751,"35":0.9088571668,"36":0.9254667163,"37":0.9566705823,"38":0.9463944435,"39":0.9479862452,"40":0.9394088984,"41":0.9527364969,"42":0.9566392899,"43":0.9418556094,"44":0.9501929283,"45":0.9597265124,"46":0.9449857473,"47":0.9582054019,"48":0.9214110374,"49":0.9493448138},"val_loss":{"0":1.199005723,"1":0.4090534747,"2":0.3954383433,"3":0.3699063659,"4":0.3355853856,"5":0.300257653,"6":0.2844171524,"7":0.3630224168,"8":0.2709228396,"9":0.250657469,"10":0.2762757242,"11":0.2132006735,"12":0.2104008049,"13":0.3167750239,"14":0.297822386,"15":0.7888344526,"16":0.3481478691,"17":0.4277702868,"18":0.2629956305,"19":0.2929415703,"20":0.3468957245,"21":0.2316541523,"22":0.2521318197,"23":0.2443224937,"24":0.1982381344,"25":0.2093757987,"26":0.1923967451,"27":0.2379265279,"28":0.1685680896,"29":0.2743181884,"30":0.1747456491,"31":0.1832492501,"32":0.1628209054,"33":0.1991612464,"34":0.2152345777,"35":0.2075357288,"36":0.1518645883,"37":0.1497085989,"38":0.148690477,"39":0.1384154111,"40":0.1426617056,"41":0.1256945878,"42":0.1597167701,"43":0.14046143,"44":0.1230587959,"45":0.1440882087,"46":0.1221648008,"47":0.4015378654,"48":0.1619861722,"49":0.1509072781},"val_accuracy":{"0":0.7381419539,"1":0.8083847165,"2":0.7981535792,"3":0.8066014647,"4":0.8115614653,"5":0.8169463873,"6":0.8174763322,"7":0.8113068938,"8":0.8180044889,"9":0.8427971005,"10":0.931850493,"11":0.9359272122,"12":0.9437814355,"13":0.8542702198,"14":0.8766634464,"15":0.8153275847,"16":0.8307042718,"17":0.8558544517,"18":0.9071782827,"19":0.895142138,"20":0.8818646073,"21":0.9264600277,"22":0.9193938375,"23":0.865979135,"24":0.9299316406,"25":0.8991053104,"26":0.937607646,"27":0.9160031676,"28":0.9283365607,"29":0.9050684571,"30":0.941141963,"31":0.9101106524,"32":0.9522066712,"33":0.9326742291,"34":0.9431578517,"35":0.9124672413,"36":0.9529758096,"37":0.945117414,"38":0.9401528835,"39":0.9547964931,"40":0.9627845287,"41":0.9605634212,"42":0.9552353621,"43":0.9611571431,"44":0.9623957872,"45":0.9571448565,"46":0.9583444595,"47":0.8818867803,"48":0.9475414753,"49":0.960386157}}