{"loss":{"0":0.4658695161,"1":0.24959144,"2":0.1621906757,"3":0.1748712957,"4":0.1527893394,"5":0.1303664893,"6":0.1121751815,"7":0.132411167,"8":0.1275582612,"9":0.0943762213,"10":0.104582049,"11":0.1022498757,"12":0.1176366657,"13":0.1265885979,"14":0.1288636476,"15":0.1345814914,"16":0.0853687227,"17":0.0866237357,"18":0.0871430784,"19":0.0725307688,"20":0.1131255478,"21":0.1070251316,"22":0.0753621012,"23":0.0754482746,"24":0.1161016598,"25":0.0731623098,"26":0.046500124,"27":0.0484862253,"28":0.0829775333,"29":0.0606307387,"30":0.0557927787,"31":0.1178373322,"32":0.0810373947,"33":0.0954552963,"34":0.0867183357,"35":0.0910745189,"36":0.0963557214,"37":0.077732645,"38":0.0740628242,"39":0.0793247148,"40":0.0749065429,"41":0.0826224536,"42":0.107202366,"43":0.0659049973,"44":0.0738992766,"45":0.0610329285,"46":0.054299783,"47":0.0919791013,"48":0.0767315775,"49":0.0651261955,"50":0.0885061175,"51":0.077473484,"52":0.0542823598,"53":0.0376180932,"54":0.070314005,"55":0.0513523817,"56":0.0810870677,"57":0.0570056662,"58":0.0497593582,"59":0.0941431001,"60":0.0560982525,"61":0.0418052189,"62":0.0941110775,"63":0.0735524148,"64":0.0457819551,"65":0.073622629,"66":0.0682053193,"67":0.1043572873,"68":0.086192444,"69":0.076804772,"70":0.0414866544,"71":0.0702159628,"72":0.0874748379,"73":0.0730078071,"74":0.0437775366,"75":0.0756414905,"76":0.0784267038,"77":0.0616290458,"78":0.0491677895,"79":0.0538263321,"80":0.0718476176,"81":0.0591708533,"82":0.0541199557,"83":0.0700968951,"84":0.0472730063,"85":0.0409083292,"86":0.0549821928,"87":0.0414052345,"88":0.0635570884,"89":0.0517248996,"90":0.0623489916,"91":0.0429899879,"92":0.0759118944,"93":0.0772012919,"94":0.0741491914,"95":0.0801990181,"96":0.0472371839,"97":0.0706371218,"98":0.0953064933,"99":0.0552425981},"accuracy":{"0":0.8264460564,"1":0.9327161908,"2":0.9483821988,"3":0.9500268698,"4":0.9543048143,"5":0.9592057467,"6":0.9635656476,"7":0.9595431089,"8":0.9582830667,"9":0.9687336087,"10":0.965390563,"11":0.966150105,"12":0.961961925,"13":0.9632993937,"14":0.9637182355,"15":0.9599497914,"16":0.9724202156,"17":0.9698303938,"18":0.9711812139,"19":0.9752065539,"20":0.9649704099,"21":0.967235744,"22":0.9760978818,"23":0.9777323008,"24":0.962579906,"25":0.9770750999,"26":0.9825969934,"27":0.9827578664,"28":0.9734101295,"29":0.9779284596,"30":0.980919838,"31":0.9665384293,"32":0.9740427732,"33":0.968305409,"34":0.9731939435,"35":0.9708635211,"36":0.97019732,"37":0.9781593084,"38":0.9766213298,"39":0.9752380252,"40":0.9767406583,"41":0.9732913971,"42":0.9665228724,"43":0.9795238376,"44":0.9772628546,"45":0.9795094728,"46":0.9816637039,"47":0.9693092108,"48":0.9749295115,"49":0.9801063538,"50":0.9719012976,"51":0.9742021561,"52":0.9824972153,"53":0.9877761602,"54":0.9788805246,"55":0.982878089,"56":0.9738990664,"57":0.9814924002,"58":0.9831874967,"59":0.9715493917,"60":0.9809128046,"61":0.9840286374,"62":0.973567009,"63":0.9786106348,"64":0.9851590395,"65":0.9774240255,"66":0.9783851504,"67":0.9729369879,"68":0.9764251709,"69":0.978053689,"70":0.9856758118,"71":0.9787926674,"72":0.9734172821,"73":0.9757860303,"74":0.985827148,"75":0.977686286,"76":0.9752264023,"77":0.9805947542,"78":0.9841529727,"79":0.9834573865,"80":0.9780195355,"81":0.9796406031,"82":0.9817020297,"83":0.9785782099,"84":0.9844722748,"85":0.9868621826,"86":0.9823719859,"87":0.9868776202,"88":0.9808846712,"89":0.9844139814,"90":0.979780972,"91":0.9850667715,"92":0.9781221151,"93":0.9762191772,"94":0.97591573,"95":0.9746953845,"96":0.984965682,"97":0.9767999649,"98":0.9688728452,"99":0.984413147},"val_loss":{"0":0.2212341875,"1":0.1619760841,"2":0.1242115945,"3":0.1152042672,"4":0.1249732748,"5":0.0914632082,"6":0.0939279348,"7":0.090332292,"8":0.0832466409,"9":0.0764230192,"10":0.0799697191,"11":0.0825642571,"12":0.0828854963,"13":0.0722274482,"14":0.0752097145,"15":0.0790682808,"16":0.0713862255,"17":0.0713743418,"18":0.0719885528,"19":0.0687883124,"20":0.0715722516,"21":0.0718924552,"22":0.0661587343,"23":0.0683961362,"24":0.0802048668,"25":0.0596236289,"26":0.0649446025,"27":0.059936814,"28":0.0671680719,"29":0.0735166743,"30":0.0581005514,"31":0.0749103501,"32":0.0642009377,"33":0.0623149611,"34":0.0639855042,"35":0.0625965595,"36":0.058452785,"37":0.0611481853,"38":0.0554274805,"39":0.058419168,"40":0.0643193498,"41":0.0676843524,"42":0.0687129125,"43":0.0685456395,"44":0.0569877252,"45":0.0522614084,"46":0.0556507111,"47":0.0626518205,"48":0.0522662625,"49":0.064860478,"50":0.0602870099,"51":0.0545539521,"52":0.0560484044,"53":0.0496296249,"54":0.0529000014,"55":0.0705302879,"56":0.0649816468,"57":0.0543620065,"58":0.0615850314,"59":0.0573503003,"60":0.0487580709,"61":0.0519942641,"62":0.0775249749,"63":0.0546560287,"64":0.0486563817,"65":0.0644254908,"66":0.0526267365,"67":0.0915091336,"68":0.0665063262,"69":0.0524384156,"70":0.0498017408,"71":0.0529190116,"72":0.0648686141,"73":0.0515969694,"74":0.0525569133,"75":0.0553247854,"76":0.0620154701,"77":0.0690523162,"78":0.0515503772,"79":0.0507058278,"80":0.0536825061,"81":0.0611281022,"82":0.0500078872,"83":0.0518955961,"84":0.0461746715,"85":0.0475979,"86":0.0471409336,"87":0.0472211018,"88":0.0487983078,"89":0.0466268957,"90":0.0497982875,"91":0.0480276681,"92":0.0498100072,"93":0.0490166433,"94":0.0617520921,"95":0.0517803282,"96":0.0528409891,"97":0.0569632947,"98":0.0562720895,"99":0.0462250784},"val_accuracy":{"0":0.9277394414,"1":0.9473470449,"2":0.9570165277,"3":0.9615622759,"4":0.9610894918,"5":0.9679797292,"6":0.9677196145,"7":0.9714905024,"8":0.9710488319,"9":0.9735936522,"10":0.9717254639,"11":0.9706243277,"12":0.9733560085,"13":0.9753955007,"14":0.9752199054,"15":0.9755173922,"16":0.9753589034,"17":0.9748211503,"18":0.9754886031,"19":0.9769138694,"20":0.9789528847,"21":0.9767926335,"22":0.9768429399,"23":0.9767006636,"24":0.9762154818,"25":0.9796875715,"26":0.9794818759,"27":0.980107367,"28":0.977291286,"29":0.9739532471,"30":0.9804981351,"31":0.9772727489,"32":0.9790742993,"33":0.9801268578,"34":0.9802367687,"35":0.9794445634,"36":0.9811478853,"37":0.9799283147,"38":0.9816076159,"39":0.9807702303,"40":0.9778133035,"41":0.9795148969,"42":0.9785267711,"43":0.9788020253,"44":0.9806933999,"45":0.9818030596,"46":0.9814046621,"47":0.9820765853,"48":0.9829320312,"49":0.9801698923,"50":0.9809584618,"51":0.9824755788,"52":0.9832313061,"53":0.9832262397,"54":0.9822187424,"55":0.9750006199,"56":0.9798651934,"57":0.982111156,"58":0.9767544866,"59":0.9831561446,"60":0.983307004,"61":0.9832728505,"62":0.9815109968,"63":0.9826412797,"64":0.9838261008,"65":0.9813890457,"66":0.9828692079,"67":0.9810392857,"68":0.9822998047,"69":0.982824564,"70":0.9833655357,"71":0.982986033,"72":0.9810504317,"73":0.9838549495,"74":0.9834066629,"75":0.9834669232,"76":0.9812711477,"77":0.9777073264,"78":0.9833673239,"79":0.9842187166,"80":0.9836291671,"81":0.9802533984,"82":0.9835963845,"83":0.9835304022,"84":0.9845653176,"85":0.9842906594,"86":0.9845321178,"87":0.9845682383,"88":0.9848165512,"89":0.9843652844,"90":0.9842762351,"91":0.9849822521,"92":0.984627068,"93":0.9841207266,"94":0.9811521173,"95":0.9844980836,"96":0.9831299782,"97":0.9845244884,"98":0.984957099,"99":0.9848238826}}