{"loss":{"0":0.5740243793,"1":0.3999217153,"2":0.3352013528,"3":0.2480022609,"4":0.2819177508,"5":0.2003439963,"6":0.208273679,"7":0.1579171121,"8":0.1740212739,"9":0.1402599514,"10":0.1433173418,"11":0.1648341119,"12":0.2087876797,"13":0.2066558301,"14":0.1845914871,"15":0.1049240977,"16":0.1610381156,"17":0.142552942,"18":0.1603745371,"19":0.1180483848,"20":0.2124882489,"21":0.1220735461,"22":0.0870663896,"23":0.1134710088,"24":0.0979807004,"25":0.1332994998,"26":0.1252761036,"27":0.169478938,"28":0.1583822817,"29":0.162758261,"30":0.2069594115,"31":0.1472046375,"32":0.1131292433,"33":0.0963991433,"34":0.1285888702,"35":0.1618085206,"36":0.1295042485,"37":0.0645951405,"38":0.1277179271,"39":0.0759535804,"40":0.1334635615,"41":0.0962053314,"42":0.1281883717,"43":0.227987051,"44":0.2143937051,"45":0.1301982403,"46":0.1412006319,"47":0.0973394513,"48":0.1138552427,"49":0.1334788054},"accuracy":{"0":0.7903187275,"1":0.8336420059,"2":0.8718219995,"3":0.9029511213,"4":0.8903024793,"5":0.9281262159,"6":0.9334220886,"7":0.9466165304,"8":0.9490232468,"9":0.9528274536,"10":0.9608494043,"11":0.9433953166,"12":0.9309468269,"13":0.93593961,"14":0.9457157254,"15":0.9679354429,"16":0.9588192105,"17":0.9600563049,"18":0.9520193338,"19":0.9624925852,"20":0.9388955832,"21":0.9648336172,"22":0.9738820195,"23":0.9701449275,"24":0.9702197909,"25":0.9646818042,"26":0.9602688551,"27":0.9551088214,"28":0.9627165794,"29":0.9549599886,"30":0.936712265,"31":0.9582516551,"32":0.9683879614,"33":0.9737402201,"34":0.9659827948,"35":0.9576852918,"36":0.9608360529,"37":0.9823839068,"38":0.967589736,"39":0.9786279798,"40":0.9644818306,"41":0.9771040678,"42":0.9625398517,"43":0.9228258133,"44":0.9279226065,"45":0.965226531,"46":0.9669955969,"47":0.9749023318,"48":0.9722248316,"49":0.965601325},"val_loss":{"0":0.3895401657,"1":0.3034552336,"2":0.3442921638,"3":0.2822849154,"4":0.2235898077,"5":0.1903689057,"6":0.1892973632,"7":0.2399638593,"8":0.138657093,"9":0.1729379445,"10":0.1568367928,"11":0.3626770377,"12":0.1879786551,"13":0.1707076132,"14":0.1468703598,"15":0.1379751861,"16":0.1180358157,"17":0.1485898495,"18":0.1275783181,"19":0.1602419466,"20":0.1438215375,"21":0.1170281842,"22":0.1074687541,"23":0.1142773256,"24":0.102776289,"25":0.1008414552,"26":0.0920437574,"27":0.102805838,"28":0.0985418409,"29":0.1403973401,"30":0.1325607598,"31":0.1098366976,"32":0.0991516784,"33":0.0958666131,"34":0.1220134795,"35":0.1115929782,"36":0.1118992865,"37":0.1053129509,"38":0.0990837365,"39":0.098527588,"40":0.1025065258,"41":0.0831578746,"42":0.3019281924,"43":0.1500906646,"44":0.1524120718,"45":0.104312472,"46":0.0998696387,"47":0.0974303484,"48":0.08352191,"49":0.1022710577},"val_accuracy":{"0":0.8173617125,"1":0.8785949945,"2":0.83556813,"3":0.8903213143,"4":0.9168082476,"5":0.934900403,"6":0.9306038022,"7":0.9203528166,"8":0.9550116658,"9":0.9368459582,"10":0.9528509974,"11":0.8959650397,"12":0.9269520044,"13":0.9438858032,"14":0.9544152617,"15":0.9647142887,"16":0.9652065635,"17":0.9579069614,"18":0.9640669227,"19":0.9534474015,"20":0.9633485079,"21":0.9664286971,"22":0.9701321125,"23":0.9676380157,"24":0.9687265754,"25":0.972987473,"26":0.9740849137,"27":0.9711728692,"28":0.9710376263,"29":0.9617089629,"30":0.9574172497,"31":0.9686571956,"32":0.9726772904,"33":0.9736871123,"34":0.9647601843,"35":0.9696422815,"36":0.96733284,"37":0.9724080563,"38":0.9741783142,"39":0.9742752314,"40":0.9736171961,"41":0.9773163199,"42":0.9090863466,"43":0.9402037263,"44":0.9474381804,"45":0.9716474414,"46":0.9705222249,"47":0.975032568,"48":0.9781684875,"49":0.9759044647}}