{"loss":{"0":0.237508297,"1":0.1457024068,"2":0.1402736455,"3":0.090383023,"4":0.1099997908,"5":0.0947771072,"6":0.0778992921,"7":0.1082784161,"8":0.1151803359,"9":0.1074639931,"10":0.0914625525,"11":0.0865967348,"12":0.0903268456,"13":0.0528600439,"14":0.0525593944,"15":0.107717596,"16":0.0595607236,"17":0.0447553992,"18":0.0984976366,"19":0.116832599,"20":0.0610502549,"21":0.0642919242,"22":0.048070021,"23":0.0841709003,"24":0.0641886741,"25":0.1120414883,"26":0.0784478039,"27":0.0738587528,"28":0.0585221425,"29":0.0518178158,"30":0.0662811995,"31":0.0765413418,"32":0.0585246161,"33":0.0786094517,"34":0.0841497332,"35":0.0677345842,"36":0.0656453818,"37":0.0354514457,"38":0.044727277,"39":0.0790337622,"40":0.0588388368,"41":0.0607979894,"42":0.0519372895,"43":0.0467867926,"44":0.0697429702,"45":0.050647825,"46":0.0584937558,"47":0.0660109669,"48":0.0413920209,"49":0.0513613224},"accuracy":{"0":0.905213654,"1":0.9523270726,"2":0.9529873133,"3":0.9708010554,"4":0.9670273662,"5":0.97289294,"6":0.9740505219,"7":0.9667359591,"8":0.9630767703,"9":0.9657155871,"10":0.9697931409,"11":0.9727020264,"12":0.9723138809,"13":0.9800279737,"14":0.9790716171,"15":0.9713106155,"16":0.9798547626,"17":0.9819655418,"18":0.9750751257,"19":0.9651070833,"20":0.982839942,"21":0.980035007,"22":0.98511374,"23":0.9758676291,"24":0.9813507199,"25":0.9703336954,"26":0.974981308,"27":0.9787656665,"28":0.9797595739,"29":0.9847064018,"30":0.9800273776,"31":0.9758189917,"32":0.9822151065,"33":0.9768884778,"34":0.9727842212,"35":0.9800413251,"36":0.9789816141,"37":0.9882491827,"38":0.9854409099,"39":0.9759908915,"40":0.9832432866,"41":0.9806531072,"42":0.9839904904,"43":0.985584259,"44":0.9796798825,"45":0.985271275,"46":0.9829317331,"47":0.9814775586,"48":0.9872411489,"49":0.9849238396},"val_loss":{"0":0.1698323488,"1":0.1156467497,"2":0.160644874,"3":0.0972179174,"4":0.1099930629,"5":0.0848889127,"6":0.1012950614,"7":0.0811949819,"8":0.0776665136,"9":0.0910991803,"10":0.0963215157,"11":0.0725646913,"12":0.0730945244,"13":0.0638162717,"14":0.0673580393,"15":0.0884239897,"16":0.0916988775,"17":0.066783987,"18":0.0612030029,"19":0.1117008105,"20":0.0857565179,"21":0.0759256855,"22":0.0634871498,"23":0.0580957346,"24":0.0498227365,"25":0.0812861919,"26":0.0705739036,"27":0.0600341596,"28":0.0561152734,"29":0.0827627108,"30":0.0876692161,"31":0.0548122041,"32":0.0562162697,"33":0.0669861436,"34":0.0608144291,"35":0.0618930571,"36":0.0595522821,"37":0.0533030815,"38":0.0669541806,"39":0.0631506816,"40":0.0423342176,"41":0.0593240745,"42":0.0345692635,"43":0.0413952321,"44":0.0401864499,"45":0.0510946214,"46":0.0463751815,"47":0.0553797148,"48":0.0382947251,"49":0.0344829671},"val_accuracy":{"0":0.9344565272,"1":0.9542782903,"2":0.947552979,"3":0.9610347748,"4":0.9609470367,"5":0.9707781672,"6":0.960606277,"7":0.9684486389,"8":0.9759877324,"9":0.973572433,"10":0.9687703252,"11":0.9764258265,"12":0.977599442,"13":0.9772510529,"14":0.9770367742,"15":0.9759451747,"16":0.972237289,"17":0.9748070836,"18":0.9792740941,"19":0.9700489044,"20":0.9734274745,"21":0.9794120789,"22":0.9815127254,"23":0.9836012721,"24":0.984246552,"25":0.9790413976,"26":0.9779656529,"27":0.982213974,"28":0.9812558293,"29":0.9770005345,"30":0.9801781774,"31":0.9845307469,"32":0.9848067164,"33":0.9826138616,"34":0.9855639338,"35":0.9842293859,"36":0.9829177856,"37":0.9825274348,"38":0.9788557887,"39":0.9812889099,"40":0.9884102941,"41":0.9831829071,"42":0.9889793396,"43":0.9864667058,"44":0.9874445796,"45":0.9852187037,"46":0.9858551025,"47":0.9801896214,"48":0.9872296453,"49":0.9895012975}}