{"loss":{"0":0.720287621,"1":0.6746220589,"2":0.6754273772,"3":0.6759630442,"4":0.6649822593,"5":0.6844962835,"6":0.6607530117,"7":0.6865908504,"8":0.6692620516,"9":0.6788607836,"10":0.6610409021,"11":0.6700978279,"12":0.6633219719,"13":0.6669104695,"14":0.6597450376,"15":0.6772763729,"16":0.6552311778,"17":0.6522400379,"18":0.6787723303,"19":0.6826559305,"20":0.6904357672,"21":0.6681246161,"22":0.6680570841,"23":0.6719887257,"24":0.6762967706,"25":0.669377923,"26":0.6610963941,"27":0.661213994,"28":0.6731582284,"29":0.6851822138,"30":0.6775692701,"31":0.6748691797,"32":0.6683365107,"33":0.669372499,"34":0.6613871455,"35":0.6818292737,"36":0.6514133811,"37":0.6742359996,"38":0.674547255,"39":0.6666896939,"40":0.6581338644,"41":0.6751998663,"42":0.6708164215,"43":0.670579493,"44":0.666277051,"45":0.6817342043,"46":0.6770624518,"47":0.6644614935,"48":0.6755418777,"49":0.6645393968},"accuracy":{"0":0.4925583005,"1":0.6197778583,"2":0.6031864882,"3":0.5998666883,"4":0.6216700077,"5":0.5810971856,"6":0.6299583912,"7":0.5710387826,"8":0.6094433069,"9":0.5872396827,"10":0.630756557,"11":0.6096773148,"12":0.6238504648,"13":0.6155263186,"14":0.6309362054,"15":0.5959028006,"16":0.642511487,"17":0.6426962614,"18":0.5941531658,"19":0.5792950392,"20":0.553047061,"21":0.620431006,"22":0.6135126352,"23":0.6045939922,"24":0.5927673578,"25":0.6100226641,"26":0.6257040501,"27":0.6289561391,"28":0.60295403,"29":0.5725874901,"30":0.5871548057,"31":0.5962560773,"32":0.612531364,"33":0.6078700423,"34":0.6248546243,"35":0.5806795955,"36":0.651999414,"37":0.6006544232,"38":0.5960595608,"39":0.6153644919,"40":0.6329652667,"41":0.5974150896,"42":0.6065222025,"43":0.6059505343,"44":0.6130641699,"45":0.5785406232,"46":0.5854821205,"47":0.6232482195,"48":0.5969035625,"49":0.616104722},"val_loss":{"0":2.037620306,"1":0.7724218369,"2":0.6749559045,"3":0.6617040038,"4":0.6560505033,"5":0.6526911855,"6":0.6506841779,"7":0.6517317295,"8":0.650587976,"9":0.6517866254,"10":0.6517324448,"11":0.6477659345,"12":0.6480352283,"13":0.64536798,"14":0.6441556811,"15":0.6446589231,"16":0.6451438665,"17":0.6437562704,"18":0.644749999,"19":0.6490991712,"20":0.6534905434,"21":0.6490877867,"22":0.6471506357,"23":0.6482192278,"24":0.6486002207,"25":0.6484259367,"26":0.6477857828,"27":0.6523959637,"28":0.6465064287,"29":0.6516545415,"30":0.6553960443,"31":0.6530022025,"32":0.6491410732,"33":0.6460520029,"34":0.6456928849,"35":0.6493851542,"36":0.6451314688,"37":0.6467171311,"38":0.6487845182,"39":0.6468276978,"40":0.6436610222,"41":0.6449172497,"42":0.64893502,"43":0.6480423808,"44":0.6483465433,"45":0.6517736316,"46":0.6503147483,"47":0.6534832716,"48":0.6480380893,"49":0.6477623582},"val_accuracy":{"0":0.6523649693,"1":0.6522309184,"2":0.6538228393,"3":0.6539064646,"4":0.653983891,"5":0.6569814682,"6":0.6568624377,"7":0.6551558971,"8":0.6549699306,"9":0.6558417082,"10":0.6547396779,"11":0.6561258435,"12":0.6561052203,"13":0.6569601297,"14":0.6571466327,"15":0.6571084857,"16":0.6571645141,"17":0.6571902633,"18":0.6570958495,"19":0.6541924477,"20":0.6545573473,"21":0.6570462584,"22":0.6570947766,"23":0.6572574973,"24":0.657189846,"25":0.65708673,"26":0.6572633982,"27":0.6531701088,"28":0.6565338373,"29":0.653953135,"30":0.6547902226,"31":0.6572881937,"32":0.6568764448,"33":0.6546142101,"34":0.6540540457,"35":0.6573491693,"36":0.6576203108,"37":0.6574722528,"38":0.6576482654,"39":0.6589221358,"40":0.6572313905,"41":0.6573089361,"42":0.6548807025,"43":0.6555507779,"44":0.6573776007,"45":0.6580716968,"46":0.6573449969,"47":0.656252265,"48":0.6587743163,"49":0.6592806578}}