{"loss":{"0":0.6800982952,"1":0.220870778,"2":0.2106254548,"3":0.1250501126,"4":0.1520945132,"5":0.1503458768,"6":0.1287411749,"7":0.1455162615,"8":0.1228760704,"9":0.083294414,"10":0.1391227543,"11":0.1137676239,"12":0.1029836088,"13":0.0934858397,"14":0.1107135043,"15":0.1190879792,"16":0.0983449072,"17":0.1317116469,"18":0.0871716663,"19":0.0913055465,"20":0.1397496164,"21":0.0874753371,"22":0.0917523652,"23":0.1044441685,"24":0.1129700094,"25":0.1044018418,"26":0.1022433415,"27":0.0735206306,"28":0.0768589973,"29":0.0982565731,"30":0.0896041617,"31":0.114850834,"32":0.1153612286,"33":0.0753730312,"34":0.0454119854,"35":0.0779808983,"36":0.0894856006,"37":0.0659475476,"38":0.0857694894,"39":0.1023939252,"40":0.0996562093,"41":0.0578473397,"42":0.1028244719,"43":0.0737880543,"44":0.0727289394,"45":0.057135243,"46":0.0702602714,"47":0.0921793804,"48":0.0887185708,"49":0.0802830607,"50":0.0815465525,"51":0.0628019273,"52":0.0862518176,"53":0.0651048496,"54":0.079071179,"55":0.072775133,"56":0.0608948395,"57":0.0695080459,"58":0.0855160505,"59":0.0479750596,"60":0.0680806041,"61":0.0961435586,"62":0.0576400459,"63":0.064694874,"64":0.0748772025,"65":0.0338810533,"66":0.030133348,"67":0.0644477159,"68":0.0906356052,"69":0.0713723972,"70":0.0678101853,"71":0.0645182356,"72":0.0787753016,"73":0.0785843804,"74":0.0817460939,"75":0.0552564859,"76":0.0690271482,"77":0.0803165659,"78":0.0527147651,"79":0.0710758865,"80":0.0795878321,"81":0.0532340221,"82":0.0530520678,"83":0.072109364,"84":0.0633235201,"85":0.0654320344,"86":0.0801018327,"87":0.0532491431,"88":0.0761811882,"89":0.0705607459,"90":0.0508693643,"91":0.0546087809,"92":0.0580932312,"93":0.0802025348,"94":0.0627820045,"95":0.0845469385,"96":0.0664231479,"97":0.0458681621,"98":0.0681035891,"99":0.0621073619},"accuracy":{"0":0.7562202215,"1":0.9230127335,"2":0.9388313293,"3":0.961666286,"4":0.948698163,"5":0.9568302035,"6":0.9601678848,"7":0.9563091397,"8":0.9636494517,"9":0.9684284925,"10":0.9577104449,"11":0.9655583501,"12":0.9677339792,"13":0.9676006436,"14":0.9659145474,"15":0.9609937668,"16":0.969379127,"17":0.9544737935,"18":0.9674701691,"19":0.9676448703,"20":0.9547700882,"21":0.9718602896,"22":0.9702394605,"23":0.9675882459,"24":0.964430809,"25":0.9653123021,"26":0.9679797888,"27":0.9760572314,"28":0.9757819176,"29":0.9694223404,"30":0.9714647532,"31":0.9642978907,"32":0.9605104327,"33":0.9735897779,"34":0.9823364019,"35":0.980076611,"36":0.9711484909,"37":0.9785310626,"38":0.9728805423,"39":0.9670866132,"40":0.9681987762,"41":0.9799369574,"42":0.9674175382,"43":0.9767656326,"44":0.9767381549,"45":0.980555892,"46":0.9777690768,"47":0.9687246084,"48":0.9700878859,"49":0.9749884605,"50":0.9715221524,"51":0.9794778824,"52":0.9704257846,"53":0.9783332944,"54":0.9768903852,"55":0.9772077799,"56":0.9795877337,"57":0.976579845,"58":0.9733814001,"59":0.9846738577,"60":0.9795047641,"61":0.9642847776,"62":0.9810808301,"63":0.9787949324,"64":0.9747732878,"65":0.9875227809,"66":0.9884271622,"67":0.9799007177,"68":0.9679298401,"69":0.979168117,"70":0.9774570465,"71":0.9806901813,"72":0.9767833948,"73":0.9753923416,"74":0.9733354449,"75":0.9828134775,"76":0.9800693393,"77":0.9756401181,"78":0.9828342199,"79":0.9783266187,"80":0.9740873575,"81":0.9833027124,"82":0.9832012057,"83":0.9763252139,"84":0.9797580838,"85":0.9798973799,"86":0.9717724919,"87":0.9825973511,"88":0.9761606455,"89":0.9773996472,"90":0.9829924703,"91":0.9834339023,"92":0.9799224734,"93":0.9717300534,"94":0.9795665741,"95":0.9724209905,"96":0.9786655307,"97":0.9839917421,"98":0.9800226092,"99":0.9799491167},"val_loss":{"0":0.3860153556,"1":0.1805676222,"2":0.187832728,"3":0.1342472583,"4":0.12098106,"5":0.1212541088,"6":0.1162991002,"7":0.1051222682,"8":0.1078794003,"9":0.0961707234,"10":0.0953771323,"11":0.0975640044,"12":0.1247613207,"13":0.1074514687,"14":0.0967711732,"15":0.1014609635,"16":0.1163545698,"17":0.1029751897,"18":0.0950929224,"19":0.0772082657,"20":0.0920014158,"21":0.0871295184,"22":0.0725817233,"23":0.0935724005,"24":0.078322351,"25":0.0736625791,"26":0.0902103558,"27":0.0699238181,"28":0.0777930096,"29":0.0899754912,"30":0.0700189397,"31":0.0875352472,"32":0.1039102525,"33":0.0709147677,"34":0.0695010349,"35":0.076212883,"36":0.0660667643,"37":0.0685911402,"38":0.0746544152,"39":0.0711515769,"40":0.0810234621,"41":0.0629850328,"42":0.0770860165,"43":0.0621375516,"44":0.0685563758,"45":0.063570857,"46":0.06711521,"47":0.0700886473,"48":0.0829769149,"49":0.0662685856,"50":0.0637782663,"51":0.060404107,"52":0.0695154369,"53":0.0582127199,"54":0.0680714473,"55":0.059292607,"56":0.0555068031,"57":0.0599034913,"58":0.0584003739,"59":0.0574114695,"60":0.0597920679,"61":0.069792904,"62":0.0598308854,"63":0.0616057552,"64":0.0606240891,"65":0.0580107979,"66":0.0581272617,"67":0.0658409894,"68":0.0689901412,"69":0.063999787,"70":0.0700838491,"71":0.0617037639,"72":0.0613989718,"73":0.0578229055,"74":0.0595515296,"75":0.0559182763,"76":0.0597447641,"77":0.1021202579,"78":0.0707392171,"79":0.0596472174,"80":0.0750880912,"81":0.0554253347,"82":0.0582502261,"83":0.0611017011,"84":0.0530419648,"85":0.0773341358,"86":0.0664258599,"87":0.0524226166,"88":0.0584590174,"89":0.0672498196,"90":0.0586571433,"91":0.0497254506,"92":0.0535163619,"93":0.0712137297,"94":0.0493313558,"95":0.0719257221,"96":0.057525944,"97":0.0587256029,"98":0.0572408475,"99":0.0603504516},"val_accuracy":{"0":0.8550920486,"1":0.9388987422,"2":0.9314302802,"3":0.9555353522,"4":0.9576379061,"5":0.9570323825,"6":0.9625661969,"7":0.9634721875,"8":0.9656485319,"9":0.9665384889,"10":0.9678633213,"11":0.9672802091,"12":0.9600904584,"13":0.9687856436,"14":0.9653142095,"15":0.9713097811,"16":0.9649953842,"17":0.9651644826,"18":0.9674043655,"19":0.9744974971,"20":0.9710168839,"21":0.9739443064,"22":0.9758197665,"23":0.9710073471,"24":0.9739025235,"25":0.9758457541,"26":0.9734222889,"27":0.9769247174,"28":0.9734151959,"29":0.9720523953,"30":0.9771739841,"31":0.9684765935,"32":0.970020473,"33":0.9756219387,"34":0.9767996073,"35":0.9745970964,"36":0.9759553671,"37":0.9776170254,"38":0.9757193327,"39":0.9736955762,"40":0.9765003324,"41":0.9798620343,"42":0.9760397673,"43":0.9793127179,"44":0.9777361751,"45":0.979113698,"46":0.9798031449,"47":0.9733604193,"48":0.9732057452,"49":0.9761560559,"50":0.9792980552,"51":0.9799495339,"52":0.978336215,"53":0.9807302356,"54":0.9800666571,"55":0.9807026982,"56":0.9807732105,"57":0.9803184271,"58":0.9816818237,"59":0.9818487167,"60":0.9813604355,"61":0.9783616066,"62":0.9793524742,"63":0.9784371853,"64":0.979052484,"65":0.9809810519,"66":0.9816614389,"67":0.9793187976,"68":0.9763942361,"69":0.978531599,"70":0.9783180952,"71":0.9783626199,"72":0.9809476733,"73":0.9816024303,"74":0.9804698825,"75":0.9810731411,"76":0.9820216298,"77":0.9704294801,"78":0.9794695973,"79":0.9799894094,"80":0.9791101813,"81":0.9809415936,"82":0.9805601835,"83":0.9800063372,"84":0.9821715355,"85":0.9775534868,"86":0.9792261124,"87":0.9812948108,"88":0.9799893498,"89":0.9808544517,"90":0.981192708,"91":0.9824624062,"92":0.9828458428,"93":0.9812271595,"94":0.9839133024,"95":0.9748724699,"96":0.9816028476,"97":0.9793506265,"98":0.9811583757,"99":0.9811272621}}