{"loss":{"0":0.7305652499,"1":0.7073366046,"2":0.6760573983,"3":0.6809962988,"4":0.668461442,"5":0.6855313778,"6":0.6676706076,"7":0.6975511909,"8":0.6714457273,"9":0.6880360246,"10":0.6643329859,"11":0.6757361293,"12":0.6638222933,"13":0.681735754,"14":0.6625991464,"15":0.6811417937,"16":0.6559560895,"17":0.6618270874,"18":0.6810299158,"19":0.682207942,"20":0.6962372065,"21":0.668664813,"22":0.6780308485,"23":0.6741536856,"24":0.6792923212,"25":0.6717890501,"26":0.6672779918,"27":0.6637938619,"28":0.6833726168,"29":0.6843070984,"30":0.6798586249,"31":0.6756602526,"32":0.6672173142,"33":0.6769589782,"34":0.6789494157,"35":0.6860297918,"36":0.6482188702,"37":0.6844953895,"38":0.6826760173,"39":0.6688566208,"40":0.6601310968,"41":0.6771681905,"42":0.6762823462,"43":0.683165729,"44":0.6711585522,"45":0.69294101,"46":0.6825045347,"47":0.6701719165,"48":0.6820076704,"49":0.6688174605},"accuracy":{"0":0.5599328279,"1":0.5145959854,"2":0.6036296487,"3":0.5987247229,"4":0.6246043444,"5":0.5838984251,"6":0.6264796257,"7":0.568064034,"8":0.6110242009,"9":0.5855238438,"10":0.6299055219,"11":0.6095909476,"12":0.6224717498,"13":0.6143008471,"14":0.6316369176,"15":0.5939314961,"16":0.6420554519,"17":0.6428707838,"18":0.5947688818,"19":0.5777990222,"20":0.5537394285,"21":0.6193195581,"22":0.6133772135,"23":0.6058749557,"24":0.5927003622,"25":0.6107510924,"26":0.6252294779,"27":0.630666852,"28":0.6031582355,"29":0.5727888346,"30":0.587975204,"31":0.5993945599,"32":0.6146749854,"33":0.6048613787,"34":0.6227737665,"35":0.5811588168,"36":0.6535335779,"37":0.6011123061,"38":0.5961518288,"39":0.6140425205,"40":0.632904768,"41":0.5964332819,"42":0.5995755792,"43":0.6002304554,"44":0.6100999117,"45":0.5368613005,"46":0.586520493,"47":0.6160088778,"48":0.5951852798,"49":0.6171776056},"val_loss":{"0":100.5420684814,"1":0.7596547604,"2":0.7440686822,"3":0.6577015519,"4":0.6636157632,"5":0.6845863461,"6":0.6431105733,"7":0.6548645496,"8":0.6635383964,"9":0.6587209105,"10":0.6452066302,"11":0.6730195284,"12":0.6453636289,"13":0.6634781361,"14":0.6513847113,"15":0.6736728549,"16":0.6534765363,"17":0.6448400021,"18":0.6553422809,"19":0.6530479193,"20":0.6523136497,"21":0.6464135051,"22":0.6721954942,"23":0.6471789479,"24":0.656219244,"25":0.6486178041,"26":0.6508694887,"27":0.6435772777,"28":0.6642507315,"29":0.6627703309,"30":0.6556313634,"31":0.6492779851,"32":0.643948555,"33":0.6704411507,"34":0.6466486454,"35":0.6503381729,"36":0.6544761658,"37":0.6828036904,"38":0.6510903239,"39":0.643682301,"40":0.653891921,"41":0.6530126333,"42":0.6451047659,"43":0.6509954929,"44":0.6440028548,"45":0.644500196,"46":0.65788728,"47":0.6447287202,"48":0.6548446417,"49":0.6500992179},"val_accuracy":{"0":0.3542692959,"1":0.6562806964,"2":0.6503586769,"3":0.6536893845,"4":0.6572733521,"5":0.6512178183,"6":0.6572733521,"7":0.6562700868,"8":0.6572733521,"9":0.6559570432,"10":0.6572733521,"11":0.6548147202,"12":0.655952096,"13":0.6568357944,"14":0.654294312,"15":0.6572733521,"16":0.6569510698,"17":0.6563066244,"18":0.6572733521,"19":0.6553894281,"20":0.6572733521,"21":0.6566942334,"22":0.656612277,"23":0.6572733521,"24":0.6567792296,"25":0.6572733521,"26":0.6572733521,"27":0.6570143104,"28":0.6572734714,"29":0.6570125222,"30":0.6569644809,"31":0.6572179198,"32":0.6572733521,"33":0.6566966176,"34":0.6570680737,"35":0.6572362781,"36":0.6572735906,"37":0.6571350098,"38":0.6572733521,"39":0.657025218,"40":0.6569646597,"41":0.6572733521,"42":0.656812489,"43":0.6544784307,"44":0.6572733521,"45":0.6572733521,"46":0.6572733521,"47":0.6568801999,"48":0.657273531,"49":0.6572739482}}