{"loss":{"0":1.1463670731,"1":1.0989687443,"2":1.0827709436,"3":1.0679414272,"4":1.0541734695,"5":1.0477546453,"6":1.0414736271,"7":1.0318610668,"8":1.0248059034,"9":1.0127570629,"10":1.0033057928,"11":0.9987367392,"12":0.990562439,"13":0.9871481657,"14":0.9772253036,"15":0.9689588547,"16":0.9616571665,"17":0.9574001431,"18":0.9496879578,"19":0.951109767,"20":0.9397705197,"21":0.9397123456,"22":0.9265760183,"23":0.9227312207,"24":0.9186474085,"25":0.915306747,"26":0.919898212,"27":0.9050840139,"28":0.9051033854,"29":0.9083045721,"30":0.9110681415,"31":0.9014235735,"32":0.8760291338,"33":0.8989842534,"34":0.8953277469,"35":0.899397254,"36":0.8882060051,"37":0.8697512746,"38":0.8804656267,"39":0.8666798472,"40":0.8642190099,"41":0.8578155637,"42":0.8555301428,"43":0.8378682137,"44":0.8708478212,"45":0.8343520164,"46":0.8885852695,"47":0.8606024981,"48":0.8535949588,"49":0.847961545},"accuracy":{"0":0.4091771543,"1":0.5338225365,"2":0.5361560583,"3":0.5602432489,"4":0.601588726,"5":0.562635541,"6":0.5542756319,"7":0.5405916572,"8":0.5714483261,"9":0.5993180275,"10":0.5748525858,"11":0.5715222359,"12":0.57018888,"13":0.5645922422,"14":0.5627349615,"15":0.5899018049,"16":0.6069979668,"17":0.559697032,"18":0.6202132702,"19":0.5740860701,"20":0.5930579901,"21":0.5752652884,"22":0.585832119,"23":0.5745558739,"24":0.5829526186,"25":0.5527797341,"26":0.5554549694,"27":0.5760717392,"28":0.5907865167,"29":0.5610016584,"30":0.5430195928,"31":0.5700650215,"32":0.616253376,"33":0.5910592079,"34":0.548366189,"35":0.5247457623,"36":0.5693225861,"37":0.6170778871,"38":0.5766189694,"39":0.5992535949,"40":0.6085521579,"41":0.6115460992,"42":0.554322958,"43":0.6187456846,"44":0.5747364759,"45":0.6249861717,"46":0.5365643501,"47":0.5807214975,"48":0.5816146135,"49":0.5816458464},"val_loss":{"0":1.0910806656,"1":1.0761287212,"2":1.0663057566,"3":1.0551992655,"4":1.0433591604,"5":1.0337574482,"6":1.0220475197,"7":1.0131928921,"8":1.0098228455,"9":1.0023398399,"10":0.9936368465,"11":0.9822981358,"12":0.9740229249,"13":0.9645047188,"14":0.955599308,"15":0.9513819814,"16":0.9452750087,"17":0.9382226467,"18":0.9328709245,"19":0.9261553288,"20":0.9212577939,"21":0.9152328372,"22":0.9087560773,"23":0.9037005305,"24":0.8997023702,"25":0.8952758312,"26":0.8909768462,"27":0.8879976273,"28":0.8829128742,"29":0.878692627,"30":0.8782105446,"31":0.8734582067,"32":0.8709865212,"33":0.865989387,"34":0.8631910682,"35":0.8592407107,"36":0.8573077321,"37":0.8539481163,"38":0.8471460342,"39":0.8430374265,"40":0.8413012624,"41":0.8377197385,"42":0.8347554207,"43":0.8325512409,"44":0.8309836984,"45":0.8274114728,"46":0.8260788321,"47":0.8280673027,"48":0.8263193965,"49":0.8207297921},"val_accuracy":{"0":0.6264562607,"1":0.6288226247,"2":0.6278550029,"3":0.6288064122,"4":0.6350628734,"5":0.6371243596,"6":0.6443430781,"7":0.6527338028,"8":0.6387640834,"9":0.6381966472,"10":0.6382071376,"11":0.6446278691,"12":0.6512562633,"13":0.6573432088,"14":0.6591043472,"15":0.6584275365,"16":0.6580222249,"17":0.6576378942,"18":0.6558675766,"19":0.6586615443,"20":0.6568965912,"21":0.6584336162,"22":0.6592073441,"23":0.6564200521,"24":0.6576433182,"25":0.6561797261,"26":0.656419456,"27":0.6545683742,"28":0.6533501744,"29":0.6536362767,"30":0.6512514949,"31":0.6541363597,"32":0.6489276886,"33":0.6494858861,"34":0.6489060521,"35":0.6520490646,"36":0.6487512589,"37":0.6495377421,"38":0.6570418477,"39":0.658121109,"40":0.6585419774,"41":0.65853405,"42":0.6590029597,"43":0.6590836644,"44":0.6588029861,"45":0.6586030126,"46":0.6588065028,"47":0.6526374817,"48":0.6527373195,"49":0.6580244899}}