{"loss":{"0":0.3416441977,"1":0.1886518449,"2":0.1630104631,"3":0.1812337339,"4":0.1634440124,"5":0.1201200038,"6":0.1010210067,"7":0.1290976703,"8":0.1249977127,"9":0.0760086402,"10":0.1132157892,"11":0.0989104062,"12":0.1185050011,"13":0.1518789083,"14":0.1238751635,"15":0.1166318506,"16":0.0700606257,"17":0.0950987637,"18":0.0787676722,"19":0.0668550506,"20":0.1131974906,"21":0.09583731,"22":0.072261408,"23":0.0950715765,"24":0.1340105236},"accuracy":{"0":0.8694213033,"1":0.9400776625,"2":0.951172173,"3":0.941488862,"4":0.9540707469,"5":0.9629141092,"6":0.9712154269,"7":0.9604706764,"8":0.960867703,"9":0.9739534259,"10":0.9668067694,"11":0.9730785489,"12":0.9653975368,"13":0.955966115,"14":0.9681337476,"15":0.9618137479,"16":0.9796330333,"17":0.9717493057,"18":0.9767954946,"19":0.9801131487,"20":0.9679525495,"21":0.9732266665,"22":0.9793862104,"23":0.9774330258,"24":0.959023118},"val_loss":{"0":0.2696761489,"1":0.1648308039,"2":0.1257305294,"3":0.0999277979,"4":0.0927553102,"5":0.0635151938,"6":0.0614418201,"7":0.0530983657,"8":0.0536984913,"9":0.0483378619,"10":0.048480697,"11":0.0477801934,"12":0.0683115572,"13":0.0490296111,"14":0.0467971526,"15":0.0539101698,"16":0.0433801264,"17":0.0475574248,"18":0.0433137044,"19":0.0452183224,"20":0.0476214774,"21":0.0356877521,"22":0.0409877189,"23":0.080165565,"24":0.0456716232},"val_accuracy":{"0":0.9590142965,"1":0.971124053,"2":0.9738885164,"3":0.9754486084,"4":0.9784167409,"5":0.9818925858,"6":0.983602345,"7":0.9836986661,"8":0.9831846952,"9":0.9835615158,"10":0.9840763211,"11":0.9848828912,"12":0.9839949608,"13":0.9859982133,"14":0.9863623381,"15":0.98420614,"16":0.9869906306,"17":0.9846467972,"18":0.9871520996,"19":0.9869654775,"20":0.986397624,"21":0.9884472489,"22":0.9874638915,"23":0.9809078574,"24":0.9880472422}}