{"loss":{"0":0.6815024018,"1":0.3370959759,"2":0.2131988108,"3":0.2105266154,"4":0.1816575676,"5":0.1324632466,"6":0.1497996449,"7":0.1217781454,"8":0.10230802,"9":0.1094505191,"10":0.0822558552,"11":0.069020845,"12":0.082829386,"13":0.0756896585,"14":0.0867687017,"15":0.0835796073,"16":0.0635558143,"17":0.0725087523,"18":0.0475048944,"19":0.0701343566,"20":0.052577205,"21":0.0576337278,"22":0.0657023787,"23":0.0465264544,"24":0.0634218231,"25":0.0491564572,"26":0.0376226045,"27":0.039741952,"28":0.0340742618,"29":0.0422277153},"accuracy":{"0":0.7627015114,"1":0.8846533895,"2":0.9321647882,"3":0.9343730211,"4":0.9431241751,"5":0.9595863223,"6":0.9469849467,"7":0.9600350261,"8":0.9666458964,"9":0.9639307261,"10":0.9738891721,"11":0.9781187177,"12":0.9739101529,"13":0.9752486348,"14":0.9719778299,"15":0.9722595215,"16":0.9771448374,"17":0.9768224955,"18":0.984667778,"19":0.9752957225,"20":0.9821020365,"21":0.9811810255,"22":0.9783061743,"23":0.9837580919,"24":0.9809108973,"25":0.9829998016,"26":0.9861694574,"27":0.9859294891,"28":0.9885445833,"29":0.9857902527},"val_loss":{"0":1.2698833942,"1":0.5679933429,"2":0.477545619,"3":0.2532533407,"4":0.1911757588,"5":0.1467258334,"6":0.1810627431,"7":0.0808989108,"8":0.0781408772,"9":0.0756675005,"10":0.0692435503,"11":0.0636160076,"12":0.0697593838,"13":0.0805939883,"14":0.0619661175,"15":0.0612265691,"16":0.052385591,"17":0.0642054901,"18":0.0532795824,"19":0.0753149092,"20":0.054991927,"21":0.0622593984,"22":0.0592950471,"23":0.0804471076,"24":0.0546726286,"25":0.0382893384,"26":0.0470853373,"27":0.036610458,"28":0.0381056964,"29":0.036822971},"val_accuracy":{"0":0.8384177089,"1":0.8851732612,"2":0.8925991654,"3":0.9284870028,"4":0.9585213661,"5":0.959669292,"6":0.956232667,"7":0.9719349742,"8":0.9740124345,"9":0.9750115871,"10":0.975148499,"11":0.9781217575,"12":0.9758480191,"13":0.9774688482,"14":0.9789020419,"15":0.9804921746,"16":0.981967926,"17":0.9787661433,"18":0.9822907448,"19":0.9748906493,"20":0.9824206233,"21":0.9791939259,"22":0.9818319082,"23":0.9788894653,"24":0.9800947905,"25":0.986526072,"26":0.9838846326,"27":0.9872822165,"28":0.986669898,"29":0.9866221547}}