{"loss":{"0":0.5977214575,"1":0.3071754575,"2":0.2375798523,"3":0.2501583695,"4":0.2009760439,"5":0.1526095718,"6":0.1451971829,"7":0.1610370278,"8":0.1642220318,"9":0.09247379,"10":0.1270134449,"11":0.1184186712,"12":0.1374075264,"13":0.1718597263,"14":0.1438006908,"15":0.1335764229,"16":0.0983743146,"17":0.1212434545,"18":0.1058668122,"19":0.088312991,"20":0.1314688176,"21":0.1144652963,"22":0.0970138684,"23":0.1021717563,"24":0.1423488557,"25":0.1018284336,"26":0.0788186938,"27":0.0802910179,"28":0.0982317179,"29":0.0698421523,"30":0.0623263121,"31":0.1238628775,"32":0.1090228111,"33":0.1195747703,"34":0.0924700871,"35":0.1013758406,"36":0.1027015299,"37":0.086675182,"38":0.08720617,"39":0.0899980515,"40":0.0884176642,"41":0.096076414,"42":0.1186294556,"43":0.0722217411,"44":0.0953614265,"45":0.0714661777,"46":0.0908847749,"47":0.1208595186,"48":0.0860643536,"49":0.0660331175},"accuracy":{"0":0.7987213135,"1":0.914729774,"2":0.9326318502,"3":0.9213897586,"4":0.9501247406,"5":0.9564893842,"6":0.9588507414,"7":0.9528139234,"8":0.9477632642,"9":0.9706757665,"10":0.9639844894,"11":0.9674761891,"12":0.9626983404,"13":0.9506034851,"14":0.9593313932,"15":0.9629413486,"16":0.9702425003,"17":0.9672086835,"18":0.9696674347,"19":0.9748660922,"20":0.9629155993,"21":0.9690540433,"22":0.9743909836,"23":0.97576648,"24":0.9590736628,"25":0.9727718234,"26":0.9774805903,"27":0.9788162112,"28":0.9700958133,"29":0.980350852,"30":0.9845094681,"31":0.9680173993,"32":0.9720534086,"33":0.9671468735,"34":0.9746710062,"35":0.9748057127,"36":0.9690395594,"37":0.9815186262,"38":0.978521347,"39":0.9794799089,"40":0.9782058001,"41":0.973741889,"42":0.9711078405,"43":0.9820978045,"44":0.9759623408,"45":0.9824112058,"46":0.9748647809,"47":0.9696056247,"48":0.976770401,"49":0.9839862585},"val_loss":{"0":0.4577485025,"1":0.2584556341,"2":0.2584403753,"3":0.1567958742,"4":0.1266152561,"5":0.1116513833,"6":0.1035193056,"7":0.0892911181,"8":0.0973947123,"9":0.0675808489,"10":0.0612817258,"11":0.0607347488,"12":0.0746075362,"13":0.0909754857,"14":0.0566311777,"15":0.0723454133,"16":0.0561160333,"17":0.0602326393,"18":0.0697291121,"19":0.0685810894,"20":0.0556876287,"21":0.0605824068,"22":0.0649325773,"23":0.0919993073,"24":0.0706292018,"25":0.057272397,"26":0.0609538108,"27":0.0591520891,"28":0.0635943487,"29":0.0710356832,"30":0.0487160534,"31":0.0533632338,"32":0.0599092208,"33":0.0524953492,"34":0.0573546886,"35":0.0530137569,"36":0.0479212031,"37":0.053573031,"38":0.0456497893,"39":0.0419179983,"40":0.0542228334,"41":0.0472413264,"42":0.0615142435,"43":0.0443573296,"44":0.0560943745,"45":0.0597529076,"46":0.0453352593,"47":0.0549696125,"48":0.054300081,"49":0.0449973643},"val_accuracy":{"0":0.9524422884,"1":0.9596277475,"2":0.9640676379,"3":0.972343266,"4":0.9726579189,"5":0.9745359421,"6":0.9773620367,"7":0.9759116173,"8":0.9715273976,"9":0.981135726,"10":0.9817321301,"11":0.9821807146,"12":0.9787243009,"13":0.9763639569,"14":0.9829841852,"15":0.9753664136,"16":0.9833672047,"17":0.9826537371,"18":0.9803667068,"19":0.9799520373,"20":0.9848611355,"21":0.9827362299,"22":0.9810498357,"23":0.9760605097,"24":0.982350111,"25":0.9835250378,"26":0.9823262095,"27":0.9819619656,"28":0.9807237387,"29":0.9813867807,"30":0.9857447743,"31":0.985075891,"32":0.9840612411,"33":0.9857246876,"34":0.9839422703,"35":0.9865400791,"36":0.9859063625,"37":0.9863716364,"38":0.9869655967,"39":0.9878457785,"40":0.9847447276,"41":0.9866105914,"42":0.9828433394,"43":0.9877241254,"44":0.9848676324,"45":0.9822958112,"46":0.9866911173,"47":0.9873306751,"48":0.985545516,"49":0.9868292809}}