{"loss":{"0":0.9034768939,"1":0.6507660151,"2":0.3856184483,"3":0.2599588037,"4":0.206896618,"5":0.167080313,"6":0.1420700252,"7":0.1217501611,"8":0.1297188103,"9":0.1081754789,"10":0.0987465084,"11":0.0796297491,"12":0.0874667391,"13":0.0636382997,"14":0.0552490242,"15":0.0470840782,"16":0.0672553182,"17":0.0443752594,"18":0.0465967543,"19":0.0462623723,"20":0.0398065671,"21":0.0427621752,"22":0.0298300944,"23":0.0369486772,"24":0.0536753163,"25":0.0433097072,"26":0.0540655479,"27":0.0273797773,"28":0.0244317539,"29":0.024190031,"30":0.0175296571,"31":0.021305874,"32":0.0355303101,"33":0.0251560174,"34":0.0247480292,"35":0.020671282,"36":0.0164960939,"37":0.016889615,"38":0.0198315158,"39":0.0146056088,"40":0.0164851788,"41":0.015152581,"42":0.0346631967,"43":0.0184658598,"44":0.0199223682,"45":0.0290679689,"46":0.0208014883,"47":0.0197856836,"48":0.0103045059,"49":0.0150447655},"accuracy":{"0":0.5296462774,"1":0.7704195976,"2":0.8791648746,"3":0.9179292917,"4":0.9339498281,"5":0.9466899037,"6":0.9503476024,"7":0.9575376511,"8":0.9540590048,"9":0.9627404213,"10":0.965986073,"11":0.9717952609,"12":0.973813653,"13":0.9806261063,"14":0.9830376506,"15":0.9854194522,"16":0.9787871242,"17":0.9860237837,"18":0.9859261513,"19":0.9859102368,"20":0.9889270067,"21":0.9862470627,"22":0.9918434024,"23":0.988653481,"24":0.9830368161,"25":0.9865638018,"26":0.9850996137,"27":0.9915105104,"28":0.9923343658,"29":0.9922226071,"30":0.9948919415,"31":0.9935245514,"32":0.988802731,"33":0.9922267795,"34":0.9918254614,"35":0.9935472608,"36":0.9943445325,"37":0.9942499399,"38":0.9938684702,"39":0.9950586557,"40":0.9946443439,"41":0.9949498177,"42":0.9897087216,"43":0.9945259094,"44":0.9940927625,"45":0.9914701581,"46":0.9933866262,"47":0.9940195084,"48":0.9964540601,"49":0.9958378077},"val_loss":{"0":0.7525841594,"1":0.4275250435,"2":0.3114315867,"3":0.2138783932,"4":0.1782097369,"5":0.1463839412,"6":0.1173957735,"7":0.1212021485,"8":0.0959900692,"9":0.0903349817,"10":0.0822656155,"11":0.0622351542,"12":0.0576596782,"13":0.0760480687,"14":0.058366403,"15":0.0547121093,"16":0.0495160334,"17":0.0475057811,"18":0.0931944922,"19":0.039345488,"20":0.0433115214,"21":0.0328942724,"22":0.0281080808,"23":0.0298684537,"24":0.0640972853,"25":0.0725056604,"26":0.0352342054,"27":0.0226385389,"28":0.021449443,"29":0.0202365704,"30":0.0218788534,"31":0.0302789528,"32":0.0328875557,"33":0.0207110681,"34":0.0252206493,"35":0.0173232313,"36":0.0188226849,"37":0.0185341723,"38":0.021645261,"39":0.0167204812,"40":0.0147131635,"41":0.0141461845,"42":0.0186803285,"43":0.0174144171,"44":0.0506502837,"45":0.0273875035,"46":0.0140179237,"47":0.0181519128,"48":0.0179192573,"49":0.0121604931},"val_accuracy":{"0":0.6348569989,"1":0.8334196806,"2":0.9049531817,"3":0.9301140308,"4":0.9443896413,"5":0.9518425465,"6":0.9584833384,"7":0.9575412869,"8":0.9641206861,"9":0.9719346762,"10":0.9727452993,"11":0.980363071,"12":0.98241961,"13":0.9752758145,"14":0.9814463258,"15":0.9836699963,"16":0.983956933,"17":0.9859111905,"18":0.9749446511,"19":0.9881051779,"20":0.9857132435,"21":0.9901418686,"22":0.9909598827,"23":0.9911633134,"24":0.9816692472,"25":0.9785093069,"26":0.9885228872,"27":0.9927508235,"28":0.9929059744,"29":0.9936462641,"30":0.9929357767,"31":0.9912107587,"32":0.9896912575,"33":0.9935010076,"34":0.9921841025,"35":0.9945961237,"36":0.9942218661,"37":0.9940741062,"38":0.9934758544,"39":0.9948072433,"40":0.9952062368,"41":0.9955205321,"42":0.9947521091,"43":0.9948163629,"44":0.9831685424,"45":0.9921250343,"46":0.9958114624,"47":0.994120121,"48":0.9949913025,"49":0.995986104}}