{"loss":{"0":0.038841866,"1":0.0441413559,"2":0.0587946661,"3":0.0519664176},"accuracy":{"0":0.9883134961,"1":0.986487031,"2":0.9846192598,"3":0.9850485921},"val_loss":{"0":0.0351832621,"1":0.0397555791,"2":0.0350211114,"3":0.0369935222},"val_accuracy":{"0":0.9897739887,"1":0.9893139601,"2":0.9895616174,"3":0.9895719886}}