{"loss":{"0":0.3659580052,"1":0.1829544604,"2":0.1488586068,"3":0.1540195197,"4":0.1376917958,"5":0.0982821733,"6":0.085786663,"7":0.1053174511,"8":0.1016696468,"9":0.0575587973,"10":0.0843708664,"11":0.0829290599,"12":0.0968973264,"13":0.1139784232,"14":0.1042488813,"15":0.0916114226,"16":0.0470019877,"17":0.0619636476,"18":0.0589809008,"19":0.0484141633,"20":0.0844274685,"21":0.0782285333,"22":0.0485919826,"23":0.0671509951,"24":0.098504141},"accuracy":{"0":0.8661807775,"1":0.9431959391,"2":0.9542175531,"3":0.9492660761,"4":0.9609256983,"5":0.9700360298,"6":0.9736270905,"7":0.9651002884,"8":0.9648276567,"9":0.9805914164,"10":0.9723397493,"11":0.9771270752,"12":0.9703134298,"13":0.9657802582,"14":0.968990922,"15":0.9709265828,"16":0.9843164682,"17":0.9814275503,"18":0.9817229509,"19":0.985033989,"20":0.9730447531,"21":0.9770147204,"22":0.9855421185,"23":0.9829729199,"24":0.9694107175},"val_loss":{"0":0.1734193563,"1":0.1519070715,"2":0.1134750396,"3":0.0747693181,"4":0.0749556348,"5":0.0561211742,"6":0.0672529265,"7":0.0623160712,"8":0.0576965995,"9":0.0452824719,"10":0.0492910929,"11":0.0491993986,"12":0.047552824,"13":0.0491438769,"14":0.0561734401,"15":0.0492567867,"16":0.0421065465,"17":0.0502451584,"18":0.0371593721,"19":0.0417495482,"20":0.0513875447,"21":0.0345202647,"22":0.0373727418,"23":0.0532157235,"24":0.0416732766},"val_accuracy":{"0":0.9592254162,"1":0.9659700394,"2":0.9696668386,"3":0.9759306908,"4":0.9770639539,"5":0.9811043739,"6":0.9760257602,"7":0.9794653058,"8":0.9801071882,"9":0.98407197,"10":0.9833221436,"11":0.9845520258,"12":0.9859770536,"13":0.9839234352,"14":0.9841580987,"15":0.9833715558,"16":0.9856447577,"17":0.9829666615,"18":0.988430202,"19":0.9873554111,"20":0.9862555265,"21":0.9894314408,"22":0.9884164929,"23":0.9838084579,"24":0.9889025092}}