{"loss":{"0":0.2950525582,"1":0.139111042,"2":0.1448920071,"3":0.1358341575,"4":0.1057678685,"5":0.0930921361,"6":0.0864013582,"7":0.0621832982,"8":0.0949407965,"9":0.0934234709,"10":0.0907201096,"11":0.0599548034,"12":0.0836656317,"13":0.0637772158,"14":0.0840135217,"15":0.0654952973,"16":0.070268251,"17":0.0776561797,"18":0.043552354,"19":0.036333289,"20":0.061911352,"21":0.0564998165,"22":0.033557076,"23":0.0525332987,"24":0.0767539293,"25":0.060408134,"26":0.075724788,"27":0.0876897871,"28":0.0707077533,"29":0.0602705255,"30":0.0871045291,"31":0.0388849005,"32":0.0941537395,"33":0.0510237813,"34":0.0574519746,"35":0.0625720993,"36":0.061747022,"37":0.0710259005,"38":0.052172225,"39":0.0458341353,"40":0.0643030256,"41":0.0391912833,"42":0.0254617427,"43":0.0407635421,"44":0.0631404594,"45":0.0716059431,"46":0.0260841809,"47":0.0795976445,"48":0.0493874215,"49":0.0616245046,"50":0.0239596292,"51":0.0428260826,"52":0.0367336087,"53":0.0422445685,"54":0.0371329449,"55":0.0434924774,"56":0.067505233,"57":0.072880052,"58":0.023343727,"59":0.0425343029,"60":0.0591291487,"61":0.0510619953,"62":0.047055237,"63":0.0425358377,"64":0.0702914745,"65":0.0447508097,"66":0.0498348065,"67":0.0289925486,"68":0.0337749831,"69":0.0738164932,"70":0.0672885329,"71":0.0440125391,"72":0.037818972,"73":0.0212901458,"74":0.0649383888,"75":0.0355053917,"76":0.0815557986,"77":0.0419217087,"78":0.0211251341,"79":0.0364888869,"80":0.0424940027,"81":0.019631926,"82":0.0633722991,"83":0.0306311753,"84":0.0586052909,"85":0.0447179154,"86":0.0200167187,"87":0.0463289246,"88":0.019869389,"89":0.0577860251,"90":0.0521435514,"91":0.0317115262,"92":0.0439839773,"93":0.0537039563,"94":0.0425597019,"95":0.031016618,"96":0.0695548207,"97":0.0509604737,"98":0.047848098,"99":0.029086072},"accuracy":{"0":0.8862964511,"1":0.9610683322,"2":0.9559973478,"3":0.9564865232,"4":0.9693081975,"5":0.9722679257,"6":0.9751904607,"7":0.9802683592,"8":0.9731366038,"9":0.9713609815,"10":0.9724443555,"11":0.9821443558,"12":0.9776037335,"13":0.982878089,"14":0.9775234461,"15":0.9820686579,"16":0.9791221619,"17":0.9772332907,"18":0.9855257273,"19":0.9862543941,"20":0.9820324183,"21":0.984159112,"22":0.9899904132,"23":0.9841658473,"24":0.9789488912,"25":0.9835947156,"26":0.976885438,"27":0.9730377197,"28":0.9802830815,"29":0.9828128815,"30":0.9763127565,"31":0.9884777069,"32":0.9741905332,"33":0.9865716696,"34":0.9843509793,"35":0.981428504,"36":0.981631577,"37":0.9807997942,"38":0.9857274294,"39":0.9890818596,"40":0.9816786647,"41":0.9889425039,"42":0.9913961291,"43":0.9894415736,"44":0.9813965559,"45":0.9788734317,"46":0.9925845265,"47":0.9818445444,"48":0.9855057001,"49":0.984146297,"50":0.9926270247,"51":0.9880641699,"52":0.9895498157,"53":0.9886354208,"54":0.9897354245,"55":0.9876520038,"56":0.9810322523,"57":0.9790834188,"58":0.9926398993,"59":0.9894838333,"60":0.9833814502,"61":0.9856022596,"62":0.9870055914,"63":0.9879465103,"64":0.9807920456,"65":0.9883972406,"66":0.9860755801,"67":0.9915232658,"68":0.9909442663,"69":0.9812294841,"70":0.9809808731,"71":0.986959815,"72":0.9910951853,"73":0.993581593,"74":0.9831644297,"75":0.9903603792,"76":0.9802422523,"77":0.988904357,"78":0.9931432605,"79":0.9904518127,"80":0.9890537262,"81":0.9935461879,"82":0.9840402603,"83":0.9915893674,"84":0.9848724604,"85":0.9884656668,"86":0.9937698245,"87":0.9884293675,"88":0.9941345453,"89":0.9848073721,"90":0.9858363867,"91":0.9911679029,"92":0.987968266,"93":0.9842121005,"94":0.9889968038,"95":0.9917621613,"96":0.9801519513,"97":0.9854494333,"98":0.9877046347,"99":0.9915469885},"val_loss":{"0":0.1616406143,"1":0.1293444932,"2":0.1081390157,"3":0.1165206507,"4":0.0949808359,"5":0.0858739391,"6":0.0882447958,"7":0.0801999718,"8":0.0801046267,"9":0.0930557549,"10":0.0810940713,"11":0.0799323022,"12":0.0786319524,"13":0.0732078701,"14":0.0900738984,"15":0.0760825202,"16":0.0709213018,"17":0.0830037296,"18":0.0929032266,"19":0.097276248,"20":0.0791450739,"21":0.0700473711,"22":0.0779027641,"23":0.0732856169,"24":0.0725801736,"25":0.071924597,"26":0.0672372207,"27":0.0699507669,"28":0.0651323721,"29":0.0622874089,"30":0.0626875535,"31":0.0638058931,"32":0.0741168112,"33":0.0622694045,"34":0.0653066188,"35":0.0592715293,"36":0.0650945902,"37":0.0607509352,"38":0.063779518,"39":0.0735207051,"40":0.0586422831,"41":0.0615532398,"42":0.070709452,"43":0.0643381774,"44":0.0622236393,"45":0.0578583106,"46":0.0741679892,"47":0.060643319,"48":0.0643557236,"49":0.0593298376,"50":0.0699927583,"51":0.0629037619,"52":0.0638524294,"53":0.0572961979,"54":0.0580121651,"55":0.0558682978,"56":0.0556867756,"57":0.0567642935,"58":0.0735060945,"59":0.056990616,"60":0.0568917245,"61":0.0575897694,"62":0.0559430197,"63":0.0616685003,"64":0.0634316579,"65":0.0575259775,"66":0.0545858815,"67":0.0587935336,"68":0.0561893433,"69":0.0569759719,"70":0.0574952774,"71":0.0616987981,"72":0.0593132712,"73":0.061034523,"74":0.0542258434,"75":0.0653000772,"76":0.0593569279,"77":0.0614527315,"78":0.0677578226,"79":0.0605491512,"80":0.0591319688,"81":0.0680330545,"82":0.0553747304,"83":0.057435926,"84":0.0533048995,"85":0.0530587621,"86":0.0607418306,"87":0.058967147,"88":0.0590119176,"89":0.0553266928,"90":0.0556038059,"91":0.0539717078,"92":0.0541927293,"93":0.0540516116,"94":0.0524187982,"95":0.052632533,"96":0.054560069,"97":0.0526025705,"98":0.0544909537,"99":0.0524591357},"val_accuracy":{"0":0.9489662647,"1":0.9604120851,"2":0.9661329985,"3":0.9675616622,"4":0.9701982737,"5":0.97408849,"6":0.9725522399,"7":0.9752973318,"8":0.9762095809,"9":0.9698421359,"10":0.9756814241,"11":0.9767540693,"12":0.9779210687,"13":0.9777460694,"14":0.9745292664,"15":0.9783059359,"16":0.979274869,"17":0.9765794277,"18":0.9784496427,"19":0.9776922464,"20":0.9795315862,"21":0.979324162,"22":0.9796314836,"23":0.9797503352,"24":0.9789096713,"25":0.9785402417,"26":0.9802669883,"27":0.9799138904,"28":0.9807069302,"29":0.981934607,"30":0.9820253253,"31":0.9826271534,"32":0.9813488126,"33":0.981752634,"34":0.9799871445,"35":0.9823034406,"36":0.9823542237,"37":0.9822635055,"38":0.9828772545,"39":0.9825933576,"40":0.9830339551,"41":0.9829494357,"42":0.9827982187,"43":0.9831008911,"44":0.9831815958,"45":0.9833142161,"46":0.9837278128,"47":0.9838029742,"48":0.9838021994,"49":0.982892096,"50":0.9825597405,"51":0.9829921126,"52":0.9833233953,"53":0.9836681485,"54":0.9840494394,"55":0.98374331,"56":0.9840207696,"57":0.9841599464,"58":0.9839801192,"59":0.9839871526,"60":0.9840732217,"61":0.9834816456,"62":0.9840479493,"63":0.9838930368,"64":0.9845356345,"65":0.9841215014,"66":0.9844875932,"67":0.9842157364,"68":0.9850908518,"69":0.9842627048,"70":0.9842105508,"71":0.9842581749,"72":0.9843561053,"73":0.9846193194,"74":0.9846391678,"75":0.9841143489,"76":0.9845979214,"77":0.9832099676,"78":0.9834791422,"79":0.984233737,"80":0.9841047525,"81":0.983831048,"82":0.9843962193,"83":0.9849277139,"84":0.9851252437,"85":0.9852361083,"86":0.9850187302,"87":0.9831575751,"88":0.9848344326,"89":0.9845740795,"90":0.9846583009,"91":0.9850457907,"92":0.9853591919,"93":0.9848747253,"94":0.9853586555,"95":0.9853159189,"96":0.9849839211,"97":0.9851041436,"98":0.984521389,"99":0.9853925705}}