{"loss":{"0":0.2280046642,"1":0.1661531776,"2":0.1085595861,"3":0.1414220184,"4":0.1244055629,"5":0.0920990333,"6":0.0855898708,"7":0.102957271,"8":0.1008423567,"9":0.0619026423,"10":0.0726936907,"11":0.0777563229,"12":0.0978180394,"13":0.1161300689,"14":0.1149402484,"15":0.1051131263,"16":0.0622648075,"17":0.051704634,"18":0.0726903006,"19":0.0501691699,"20":0.0946603417,"21":0.0873198137,"22":0.0540982187,"23":0.0599311218,"24":0.0994533524,"25":0.0416801646,"26":0.0277963877,"27":0.0322075896,"28":0.0637260526,"29":0.0321500935,"30":0.0411258712,"31":0.0978422388,"32":0.0751119107,"33":0.0786232427,"34":0.0686204061,"35":0.077129133,"36":0.075550057,"37":0.0676322058,"38":0.0593182668,"39":0.062430691,"40":0.0546635017,"41":0.056307625,"42":0.0814639851,"43":0.0568495616,"44":0.0503937192,"45":0.0384852998,"46":0.0378044918,"47":0.0764477924,"48":0.0585437901,"49":0.0434520915,"50":0.0712445155,"51":0.0688934177,"52":0.0451532267,"53":0.0240242705,"54":0.0488965288,"55":0.0290561225,"56":0.0524086282,"57":0.0348162539,"58":0.0269212332,"59":0.0842017755,"60":0.0396709181,"61":0.0206132978,"62":0.0761150941,"63":0.0488861464,"64":0.0374997519,"65":0.0689998418,"66":0.0516747907,"67":0.0763982087,"68":0.0630685091,"69":0.0533977672,"70":0.0250986759,"71":0.0561506227,"72":0.0697808936,"73":0.0459745601,"74":0.0274486355,"75":0.0654691383,"76":0.0588273704,"77":0.0295991041,"78":0.0359797701,"79":0.0392348915,"80":0.0565130413,"81":0.0373739563,"82":0.0314081982,"83":0.0480722487,"84":0.0387295671,"85":0.0312690288,"86":0.0425597988,"87":0.0281255487,"88":0.0520099178,"89":0.0349138007,"90":0.0463711433,"91":0.026980605,"92":0.0481289849,"93":0.056673564,"94":0.0656057447,"95":0.0728052855,"96":0.0319638476,"97":0.0558100455,"98":0.0801315084,"99":0.0449079238},"accuracy":{"0":0.9057266116,"1":0.9539079666,"2":0.9694277048,"3":0.9632326365,"4":0.9632415771,"5":0.9719734192,"6":0.9733532071,"7":0.9704189301,"8":0.9681383371,"9":0.9797756076,"10":0.9783711433,"11":0.9774125814,"12":0.9706491232,"13":0.9704829454,"14":0.970934689,"15":0.9696219563,"16":0.9818515778,"17":0.9840464592,"18":0.9805911779,"19":0.9852828979,"20":0.9721790552,"21":0.9755709767,"22":0.9837854505,"23":0.9829888344,"24":0.9703246951,"25":0.9862705469,"26":0.9894666672,"27":0.9882221222,"28":0.9829879999,"29":0.989074707,"30":0.9884643555,"31":0.9748004675,"32":0.9808452725,"33":0.9766054153,"34":0.9808028936,"35":0.9786151052,"36":0.9788147211,"37":0.9837909937,"38":0.9830654263,"39":0.9828962088,"40":0.984813869,"41":0.9838439822,"42":0.9778946042,"43":0.9850492477,"44":0.9865274429,"45":0.9884175062,"46":0.988327384,"47":0.976082623,"48":0.9833056331,"49":0.9878622293,"50":0.9787117243,"51":0.9783967137,"52":0.987765789,"53":0.9927312732,"54":0.9869642258,"55":0.9911268353,"56":0.9839330912,"57":0.9896923304,"58":0.9918224216,"59":0.9776201248,"60":0.9887424707,"61":0.9928159714,"62":0.9798570871,"63":0.9861968756,"64":0.9891756177,"65":0.9791958928,"66":0.9847154617,"67":0.9809476137,"68":0.9856106043,"69":0.9858075976,"70":0.992922008,"71":0.9853671789,"72":0.9818632007,"73":0.9874004126,"74":0.9921687841,"75":0.9816864133,"76":0.9822551608,"77":0.9914175272,"78":0.9898627996,"79":0.9881916046,"80":0.9835394025,"81":0.9881128073,"82":0.9902122617,"83":0.9860528708,"84":0.9906549454,"85":0.9910532236,"86":0.9882054329,"87":0.9919980764,"88":0.9861463308,"89":0.9902428389,"90":0.986656487,"91":0.9914220572,"92":0.9870918989,"93":0.982896626,"94":0.9824083447,"95":0.9820659757,"96":0.9914836884,"97":0.9831239581,"98":0.9761129618,"99":0.9890092611},"val_loss":{"0":0.1111554727,"1":0.1072944403,"2":0.0850878507,"3":0.0740382224,"4":0.0863389671,"5":0.0620037466,"6":0.0616932437,"7":0.066933848,"8":0.061560411,"9":0.0541509427,"10":0.0531782992,"11":0.0595097169,"12":0.0611493699,"13":0.0501740351,"14":0.0552659035,"15":0.0664261356,"16":0.0514180996,"17":0.0462011807,"18":0.0501567796,"19":0.0489674173,"20":0.0699373633,"21":0.0489405803,"22":0.0445923135,"23":0.0472508445,"24":0.0491639897,"25":0.0435762778,"26":0.0442954227,"27":0.0421778932,"28":0.0425804816,"29":0.0470881797,"30":0.0386142619,"31":0.04493846,"32":0.0444369428,"33":0.0419748388,"34":0.0435241014,"35":0.0449530967,"36":0.040844664,"37":0.0405700728,"38":0.0420928374,"39":0.0434823111,"40":0.0392427482,"41":0.0500755124,"42":0.0621349104,"43":0.046996437,"44":0.0425595306,"45":0.0392279513,"46":0.0417952426,"47":0.0557405837,"48":0.0368480533,"49":0.0363812372,"50":0.0419285893,"51":0.0400346741,"52":0.0439310335,"53":0.0415995568,"54":0.0370740816,"55":0.0567752682,"56":0.0388662331,"57":0.036028754,"58":0.0381400995,"59":0.0450452641,"60":0.0343543924,"61":0.0354059562,"62":0.0458955169,"63":0.0397585742,"64":0.0359498858,"65":0.0508986339,"66":0.0400444157,"67":0.0636721402,"68":0.0477945134,"69":0.0375895761,"70":0.0324262567,"71":0.0361514203,"72":0.0372933596,"73":0.0345794633,"74":0.0338643566,"75":0.0383681059,"76":0.0367589816,"77":0.036073979,"78":0.0387220681,"79":0.0383453444,"80":0.0369295552,"81":0.034077771,"82":0.034725327,"83":0.0316198803,"84":0.0375807546,"85":0.0314140208,"86":0.0314728804,"87":0.0314324833,"88":0.0362868346,"89":0.0319782123,"90":0.0347024761,"91":0.0371671803,"92":0.0364730246,"93":0.0379915871,"94":0.0476374738,"95":0.0408573113,"96":0.0318572,"97":0.0458258428,"98":0.046791859,"99":0.0340812504},"val_accuracy":{"0":0.9608023167,"1":0.9669508934,"2":0.9747533202,"3":0.976193428,"4":0.9710304737,"5":0.9797852039,"6":0.979441762,"7":0.9812993407,"8":0.9791824818,"9":0.9813367724,"10":0.9825874567,"11":0.9809997082,"12":0.9839646816,"13":0.9839798212,"14":0.9841695428,"15":0.9808635116,"16":0.983566463,"17":0.9856046438,"18":0.9834929705,"19":0.9848095775,"20":0.9846488237,"21":0.98488307,"22":0.9856961966,"23":0.9858886003,"24":0.9864073992,"25":0.9863371849,"26":0.9861433506,"27":0.9865522385,"28":0.9869388938,"29":0.9840162396,"30":0.9878898859,"31":0.9874990582,"32":0.9872313738,"33":0.9876238704,"34":0.9875555038,"35":0.9870931506,"36":0.987321794,"37":0.987845242,"38":0.9886018634,"39":0.9880999923,"40":0.9884985089,"41":0.9880949259,"42":0.9840650558,"43":0.9879647493,"44":0.9872038364,"45":0.9878537059,"46":0.9870532155,"47":0.9875009656,"48":0.9889441729,"49":0.9889217019,"50":0.9879066944,"51":0.988925755,"52":0.9863920212,"53":0.987592876,"54":0.9886760116,"55":0.982552886,"56":0.988480866,"57":0.9884954691,"58":0.9877883196,"59":0.9888620973,"60":0.9895142317,"61":0.9894616604,"62":0.9891183376,"63":0.9890787005,"64":0.9895012379,"65":0.9897909164,"66":0.9885465503,"67":0.9889779091,"68":0.9898288846,"69":0.9904731512,"70":0.9900820851,"71":0.989171803,"72":0.989166975,"73":0.9896396995,"74":0.9903045893,"75":0.9902991056,"76":0.9903914928,"77":0.9891939759,"78":0.9877249002,"79":0.9892061353,"80":0.9898121953,"81":0.9901323318,"82":0.9897352457,"83":0.9909753799,"84":0.9893282056,"85":0.9907117486,"86":0.9906461835,"87":0.9903275967,"88":0.9905840158,"89":0.9902583957,"90":0.9907355309,"91":0.9899207354,"92":0.9902339578,"93":0.9903062582,"94":0.9902890325,"95":0.9906401634,"96":0.9911086559,"97":0.9904983044,"98":0.9900836349,"99":0.9896960855}}