{"loss":{"0":31.6948490143,"1":30.5705680847,"2":28.4833583832,"3":30.330493927,"4":28.7499694824,"5":27.3773040771,"6":30.0132865906,"7":30.1481685638,"8":26.7439002991,"9":31.8609714508,"10":29.9818229675,"11":29.7059116364,"12":28.2510318756,"13":30.993396759,"14":30.159948349,"15":26.2884254456,"16":31.4169559479,"17":26.9650993347,"18":29.9561367035,"19":28.6060218811,"20":27.8733634949,"21":29.2867221832,"22":31.0683383942,"23":30.2192993164,"24":30.0738582611,"25":28.2826843262,"26":31.5434322357,"27":27.0847682953,"28":30.0847663879,"29":29.3934440613,"30":26.2926025391,"31":29.9810333252,"32":30.645772934,"33":28.8631477356,"34":27.4105434418,"35":28.5270576477,"36":26.9163303375,"37":26.3209476471,"38":29.9567508698,"39":26.6789741516,"40":27.4673061371,"41":26.3593597412,"42":29.1738071442,"43":30.7211341858,"44":29.8674926758,"45":24.6119289398,"46":30.9601840973,"47":30.7672519684,"48":27.9710140228,"49":31.5074520111},"dice_metric":{"0":0.7001415491,"1":0.7249547839,"2":0.7477437258,"3":0.7265791297,"4":0.7432886958,"5":0.7602325678,"6":0.7284826636,"7":0.7305046916,"8":0.7688970566,"9":0.708084166,"10":0.7285224795,"11":0.7339806557,"12":0.7494987249,"13":0.717936337,"14":0.7294272184,"15":0.7712732553,"16":0.7167850733,"17":0.763155818,"18":0.7319597006,"19":0.7480123043,"20":0.7536842227,"21":0.7384959459,"22":0.7200965881,"23":0.7272803187,"24":0.7319140434,"25":0.7473374605,"26":0.7086806893,"27":0.7631736994,"28":0.7307887673,"29":0.7349969149,"30":0.7707725167,"31":0.7325579524,"32":0.7229605317,"33":0.7412537336,"34":0.7602154613,"35":0.747967124,"36":0.7661758661,"37":0.7681093812,"38":0.7305261493,"39":0.7670789957,"40":0.7586117983,"41":0.7719343901,"42":0.7416087389,"43":0.7231487632,"44":0.7319085598,"45":0.7889615297,"46":0.7204133272,"47":0.7221607566,"48":0.7537781,"49":0.711271584},"Accuracy":{"0":0.5674969554,"1":0.5748782158,"2":0.6039034724,"3":0.5782167315,"4":0.6001959443,"5":0.6192845106,"6":0.5826278925,"7":0.5807522535,"8":0.6280928254,"9":0.5569335222,"10":0.5830653906,"11":0.58690238,"12":0.607134223,"13":0.5689982176,"14":0.58058846,"15":0.6344267726,"16":0.5631080866,"17":0.6250167489,"18":0.5834226608,"19":0.6021977067,"20":0.612386167,"21":0.5927317142,"22":0.56795609,"23":0.5797630548,"24":0.5817855597,"25":0.6066941023,"26":0.5613492727,"27":0.6233525872,"28":0.5816339254,"29":0.591247499,"30":0.6343687177,"31":0.5830767751,"32":0.5738369226,"33":0.598626256,"34":0.6188254952,"35":0.6033004522,"36":0.6256991029,"37":0.6339787245,"38":0.5834191442,"39":0.6290002465,"40":0.6180369854,"41":0.6334444284,"42":0.5943065882,"43":0.5727884769,"44":0.5846598744,"45":0.657744348,"46":0.5694648027,"47":0.572147429,"48":0.6110320687,"49":0.5623573661},"val_loss":{"0":31.0389270782,"1":31.0389270782,"2":31.0389270782,"3":31.0389270782,"4":31.0389270782,"5":31.0389270782,"6":31.0389270782,"7":31.0389270782,"8":31.0389270782,"9":31.0389270782,"10":31.0389270782,"11":31.0389270782,"12":31.0389270782,"13":31.0389270782,"14":31.0389270782,"15":31.0389270782,"16":31.0389270782,"17":31.0389270782,"18":31.0389270782,"19":31.0389270782,"20":31.0389270782,"21":31.0389270782,"22":31.0389270782,"23":31.0389270782,"24":31.0389270782,"25":31.0389270782,"26":31.0389270782,"27":31.0389270782,"28":31.0389270782,"29":31.0389270782,"30":31.0389270782,"31":31.0387973785,"32":31.0387992859,"33":31.0387897491,"34":31.0388145447,"35":31.0387973785,"36":31.0387802124,"37":31.0387802124,"38":31.0387802124,"39":31.0387802124,"40":31.0387802124,"41":31.0387802124,"42":31.0387992859,"43":31.0387992859,"44":31.0387878418,"45":31.0388145447,"46":31.0387973785,"47":31.0388050079,"48":31.0388088226,"49":30.7040481567},"val_dice_metric":{"0":0.7243933082,"1":0.7243933082,"2":0.7243933082,"3":0.7243933082,"4":0.7243933082,"5":0.7243933082,"6":0.7243933082,"7":0.7243933082,"8":0.7243933082,"9":0.7243933082,"10":0.7243933082,"11":0.7243933082,"12":0.7243933082,"13":0.7243933082,"14":0.7243933082,"15":0.7243933082,"16":0.7243933082,"17":0.7243933082,"18":0.7243933082,"19":0.7243933082,"20":0.7243933082,"21":0.7243933082,"22":0.7243933082,"23":0.7243933082,"24":0.7243933082,"25":0.7243933082,"26":0.7243933082,"27":0.7243933082,"28":0.7243933082,"29":0.7243933082,"30":0.7243933082,"31":0.724395752,"32":0.724395752,"33":0.7243959308,"34":0.724395752,"35":0.724395752,"36":0.7243961096,"37":0.7243961096,"38":0.7243961096,"39":0.7243961096,"40":0.7243961096,"41":0.7243961096,"42":0.724395752,"43":0.724395752,"44":0.7243959308,"45":0.724395752,"46":0.724395752,"47":0.7243955731,"48":0.7243955135,"49":0.7309467793},"val_Accuracy":{"0":0.568365097,"1":0.568365097,"2":0.568365097,"3":0.568365097,"4":0.568365097,"5":0.568365097,"6":0.568365097,"7":0.568365097,"8":0.568365097,"9":0.568365097,"10":0.568365097,"11":0.568365097,"12":0.568365097,"13":0.568365097,"14":0.568365097,"15":0.568365097,"16":0.568365097,"17":0.568365097,"18":0.568365097,"19":0.568365097,"20":0.568365097,"21":0.568365097,"22":0.568365097,"23":0.568365097,"24":0.568365097,"25":0.568365097,"26":0.568365097,"27":0.568365097,"28":0.568365097,"29":0.568365097,"30":0.568365097,"31":0.5683703423,"32":0.5683703423,"33":0.5683708191,"34":0.5683708191,"35":0.5683703423,"36":0.5683712959,"37":0.5683712959,"38":0.5683712959,"39":0.5683712959,"40":0.5683712959,"41":0.5683712959,"42":0.5683703423,"43":0.5683703423,"44":0.5683708191,"45":0.5683708191,"46":0.5683703423,"47":0.5683698654,"48":0.5683698654,"49":0.5831036568}}