{"loss":{"0":0.5663653016,"1":0.2488257587,"2":0.1698173434,"3":0.1954502761,"4":0.1573881805,"5":0.1134015545,"6":0.1079121009,"7":0.119577229,"8":0.1154993773,"9":0.0666093975,"10":0.0945463479,"11":0.0926015452,"12":0.1105475202,"13":0.1380435824,"14":0.1164813787,"15":0.1070310846,"16":0.0880412608,"17":0.0944026336,"18":0.0709936097,"19":0.0614324287,"20":0.0931898579,"21":0.0907527357,"22":0.0575683527,"23":0.0728713721,"24":0.1059756726,"25":0.05966736,"26":0.0381897911,"27":0.0418264195,"28":0.0655594319,"29":0.0367246345,"30":0.0424920246,"31":0.1042964235,"32":0.0725321993,"33":0.0818897784,"34":0.0700181946,"35":0.0778461471,"36":0.074923262,"37":0.0684819669,"38":0.0600149632,"39":0.0647916496,"40":0.0557162091,"41":0.0630111992,"42":0.0822969228,"43":0.048576653,"44":0.051720392,"45":0.043604169,"46":0.0447544865,"47":0.0755643249,"48":0.0539937541,"49":0.0444853641},"accuracy":{"0":0.8274324536,"1":0.9221451879,"2":0.9524852633,"3":0.9383926392,"4":0.9565553665,"5":0.9662553072,"6":0.9677333832,"7":0.9628526568,"8":0.9607240558,"9":0.9779813886,"10":0.9719622731,"11":0.9737747312,"12":0.9682604671,"13":0.9604171515,"14":0.9698034525,"15":0.9658640027,"16":0.971200943,"17":0.9724937677,"18":0.9785858393,"19":0.9795396924,"20":0.972689271,"21":0.9749221802,"22":0.9827433825,"23":0.9820246696,"24":0.9669618607,"25":0.9829379916,"26":0.9876735806,"27":0.9859306216,"28":0.9785245061,"29":0.9875367284,"30":0.9879404306,"31":0.9741479754,"32":0.9805471301,"33":0.9743244052,"34":0.9789392352,"35":0.9774999619,"36":0.9769687653,"37":0.9831329584,"38":0.9820367694,"39":0.9818738699,"40":0.983984828,"41":0.9812223315,"42":0.9756593704,"43":0.9858009219,"44":0.9863001108,"45":0.9870826602,"46":0.9870151281,"47":0.9777952433,"48":0.98223418,"49":0.9873911142},"val_loss":{"0":0.2665751278,"1":0.1553247422,"2":0.1304523647,"3":0.0952959806,"4":0.0910228044,"5":0.0750117525,"6":0.0660806596,"7":0.0656339377,"8":0.0826887786,"9":0.0676063299,"10":0.0559585616,"11":0.05839926,"12":0.0683813468,"13":0.0740645528,"14":0.0741719976,"15":0.0987042561,"16":0.0664583221,"17":0.0481916554,"18":0.0522193685,"19":0.0508086793,"20":0.0557340086,"21":0.045889549,"22":0.0521515235,"23":0.0549151078,"24":0.0583094247,"25":0.0516196005,"26":0.0441616811,"27":0.0496177562,"28":0.0467202701,"29":0.049824018,"30":0.0398631208,"31":0.0566062294,"32":0.0460556149,"33":0.0469730273,"34":0.0441373326,"35":0.0524418727,"36":0.0456269458,"37":0.0499993265,"38":0.0387316607,"39":0.0386579409,"40":0.0388501137,"41":0.0494987145,"42":0.0476790257,"43":0.0420855694,"44":0.0448846444,"45":0.0444356129,"46":0.0355838798,"47":0.0477996059,"48":0.0353448503,"49":0.0330790691},"val_accuracy":{"0":0.9292445779,"1":0.9607915878,"2":0.9674091935,"3":0.9724399447,"4":0.9732907414,"5":0.9768039584,"6":0.9793546796,"7":0.9800059199,"8":0.9736815691,"9":0.9777608514,"10":0.982444942,"11":0.9826728106,"12":0.9802354574,"13":0.9787907004,"14":0.9755907059,"15":0.9637137651,"16":0.9782112837,"17":0.9840393066,"18":0.9831827283,"19":0.9837992787,"20":0.9822794199,"21":0.9860780239,"22":0.9842809439,"23":0.9828821421,"24":0.9856177568,"25":0.9847999811,"26":0.9862165451,"27":0.9840822816,"28":0.9855176806,"29":0.9855840802,"30":0.987074554,"31":0.9870522022,"32":0.9864805937,"33":0.9867333174,"34":0.9874799848,"35":0.9875627756,"36":0.9846906662,"37":0.9832912087,"38":0.9877727628,"39":0.9886175394,"40":0.9883477688,"41":0.9883084893,"42":0.9884729385,"43":0.9885724783,"44":0.9883701205,"45":0.9867501259,"46":0.9888738394,"47":0.9898873568,"48":0.9899858236,"49":0.9898747802}}