{"loss":{"0":0.1325250268,"1":0.0972321108,"2":0.0983800068,"3":0.0962207466,"4":0.0842456967,"5":0.1198388934,"6":0.1306605339,"7":0.090727739,"8":0.0862531513,"9":0.1266671717,"10":0.0755693763,"11":0.0513233133,"12":0.0511214845,"13":0.0932961404,"14":0.0642782897,"15":0.0566836521,"16":0.1213414073,"17":0.1029429212,"18":0.1020197719,"19":0.092413567,"20":0.0955189764,"21":0.0951764658,"22":0.0867246464,"23":0.0828170255,"24":0.0916263312,"25":0.0873226374,"26":0.0846651047,"27":0.1121928915,"28":0.0749365017,"29":0.0717400834,"30":0.0701197758,"31":0.0610937998,"32":0.1033694893,"33":0.084917374,"34":0.0734746382,"35":0.0888760835,"36":0.0859730989,"37":0.054998748,"38":0.0377817005,"39":0.0681884959,"40":0.0484331399,"41":0.0762290508,"42":0.0569908246,"43":0.0538929701,"44":0.0935769081,"45":0.0617891476,"46":0.0391811132,"47":0.0904887766,"48":0.0822024718,"49":0.0555437282},"accuracy":{"0":0.957277596,"1":0.9667044878,"2":0.9681784511,"3":0.9679833651,"4":0.971367836,"5":0.9619178772,"6":0.96343261,"7":0.9716097116,"8":0.9766000509,"9":0.9588025808,"10":0.9738208055,"11":0.9815387726,"12":0.9819768667,"13":0.9702332616,"14":0.9771953821,"15":0.9819507599,"16":0.9601652026,"17":0.9658277631,"18":0.9658333063,"19":0.9708593488,"20":0.9693943858,"21":0.9705213308,"22":0.9775619507,"23":0.9727342725,"24":0.9715612531,"25":0.9716955423,"26":0.973025918,"27":0.9654476047,"28":0.9765546918,"29":0.9766458273,"30":0.9768918157,"31":0.9802745581,"32":0.965370357,"33":0.9712455869,"34":0.9769598246,"35":0.9719455838,"36":0.9707517624,"37":0.9826310277,"38":0.9866062403,"39":0.9775627255,"40":0.9840402603,"41":0.9755991101,"42":0.9821542501,"43":0.9821270108,"44":0.9697820544,"45":0.9795476794,"46":0.9849441648,"47":0.9723054767,"48":0.9732698202,"49":0.9824510813},"val_loss":{"0":0.0917879418,"1":0.0771022812,"2":0.0863806605,"3":0.0768141821,"4":0.0674789175,"5":0.0898524821,"6":0.0692872256,"7":0.0696220174,"8":0.0728723779,"9":0.090863362,"10":0.0645421669,"11":0.0655251965,"12":0.062995933,"13":0.0777620599,"14":0.0698384419,"15":0.0610473789,"16":0.1100299805,"17":0.0758813024,"18":0.063722007,"19":0.0642601699,"20":0.0779013485,"21":0.0600322261,"22":0.067241773,"23":0.0643929541,"24":0.0616645999,"25":0.0659338683,"26":0.0706929564,"27":0.093809329,"28":0.0658077523,"29":0.0664766356,"30":0.0575735569,"31":0.0608406328,"32":0.070837684,"33":0.0561384968,"34":0.0598524325,"35":0.0579078272,"36":0.056305021,"37":0.0532989092,"38":0.0518272892,"39":0.0578048229,"40":0.0618701093,"41":0.0599208772,"42":0.055385977,"43":0.0559832864,"44":0.0543683283,"45":0.0534122996,"46":0.0522268414,"47":0.0754939765,"48":0.0649166629,"49":0.05608638},"val_accuracy":{"0":0.9731552601,"1":0.973721087,"2":0.9712000489,"3":0.9744592905,"4":0.9770068526,"5":0.975827992,"6":0.9772642255,"7":0.9751260877,"8":0.9772741795,"9":0.9674546719,"10":0.9776964784,"11":0.9777348638,"12":0.9790820479,"13":0.9745866656,"14":0.9760221243,"15":0.978996098,"16":0.955696106,"17":0.9767256975,"18":0.9788261652,"19":0.9792833328,"20":0.9781162143,"21":0.980320096,"22":0.9769520164,"23":0.9794239402,"24":0.9794852734,"25":0.9792326093,"26":0.9769901633,"27":0.9742683172,"28":0.9778452516,"29":0.9749825001,"30":0.9800081253,"31":0.979414165,"32":0.9792006016,"33":0.9810712934,"34":0.9798975587,"35":0.9811731577,"36":0.9812236428,"37":0.982206583,"38":0.9822682738,"39":0.9812267423,"40":0.9791758657,"41":0.9795204401,"42":0.9812881947,"43":0.9805399179,"44":0.9820275307,"45":0.9810578823,"46":0.9821021557,"47":0.9810594916,"48":0.9760085344,"49":0.9807426929}}