{"loss":{"0":0.42145437,"1":0.1805338413,"2":0.1984712481,"3":0.1280873269,"4":0.1470984519,"5":0.1663330495,"6":0.1140137315,"7":0.1599723399,"8":0.0916158631,"9":0.0648314804,"10":0.1176896915,"11":0.1053776518,"12":0.093901597,"13":0.0682896674,"14":0.0827548653,"15":0.0986769274,"16":0.0841172338,"17":0.1010072455,"18":0.0572956912,"19":0.0833341852,"20":0.1135186702,"21":0.0750660002,"22":0.0790870413,"23":0.0846725628,"24":0.0846238807,"25":0.0957254171,"26":0.0836749226,"27":0.0615614355,"28":0.0594132245,"29":0.0826030746,"30":0.0714937374,"31":0.0955450609,"32":0.0993231684,"33":0.0483005568,"34":0.0303265266,"35":0.0798149332,"36":0.074612245,"37":0.0696258917,"38":0.0750932544,"39":0.0829393938,"40":0.0813516304,"41":0.0536748655,"42":0.1002062783,"43":0.0694035813,"44":0.0653855801,"45":0.0484990813,"46":0.0622175522,"47":0.0727878883,"48":0.0632771999,"49":0.0650871471,"50":0.0640042871,"51":0.0487514772,"52":0.0671377257,"53":0.0513419695,"54":0.0636460558,"55":0.0650793463,"56":0.0616413243,"57":0.0670117065,"58":0.0728696957,"59":0.0389226452,"60":0.0677876398,"61":0.0835028067,"62":0.0448525548,"63":0.053296566,"64":0.0678649023,"65":0.0287963953,"66":0.0226378813,"67":0.055784516,"68":0.0700341389,"69":0.0543552265,"70":0.0543779805,"71":0.0557308309,"72":0.0677931532,"73":0.0683713704,"74":0.0686876103,"75":0.0478501469,"76":0.0762360841,"77":0.0651426464,"78":0.0417783298,"79":0.0509373322,"80":0.06003052,"81":0.0406851806,"82":0.0421781987,"83":0.0587553754,"84":0.0452260748,"85":0.0520221703,"86":0.0703097135,"87":0.0386703461,"88":0.0622203276,"89":0.0545070358,"90":0.0458554253,"91":0.0445528179,"92":0.0447613336,"93":0.0653128773,"94":0.0512634814,"95":0.0709363893,"96":0.0463897847,"97":0.0221449044,"98":0.0551854596,"99":0.0693827048},"accuracy":{"0":0.8403916359,"1":0.9491731524,"2":0.9519147873,"3":0.9655300975,"4":0.9483693838,"5":0.9523677826,"6":0.9681924582,"7":0.9557094574,"8":0.9731645584,"9":0.9743179083,"10":0.9647681117,"11":0.9675449133,"12":0.969707489,"13":0.9756507874,"14":0.9737739563,"15":0.9645376205,"16":0.9717661142,"17":0.9647372961,"18":0.978286922,"19":0.9724815488,"20":0.960377574,"21":0.9750210047,"22":0.9764746428,"23":0.9730193019,"24":0.9744771719,"25":0.9664970636,"26":0.9707433581,"27":0.9781900644,"28":0.9799630046,"29":0.975274682,"30":0.9775711298,"31":0.9695470929,"32":0.9657953382,"33":0.9825540781,"34":0.9882675409,"35":0.9815775156,"36":0.9779083133,"37":0.9762006998,"38":0.9755508304,"39":0.971891284,"40":0.973179996,"41":0.983330369,"42":0.9674777985,"43":0.9772332907,"44":0.9794763327,"45":0.9837123752,"46":0.9782142639,"47":0.9764969945,"48":0.9784870148,"49":0.9783537984,"50":0.9774215817,"51":0.98267138,"52":0.9766134024,"53":0.982283771,"54":0.9791849256,"55":0.979516983,"56":0.9789533615,"57":0.97768116,"58":0.9753893018,"59":0.9874397516,"60":0.9795152545,"61":0.9699271917,"62":0.9852115512,"63":0.9829720259,"64":0.9765743017,"65":0.9901592135,"66":0.9909269214,"67":0.9842137098,"68":0.9754532576,"69":0.9849235415,"70":0.9808549881,"71":0.9834922552,"72":0.9813472629,"73":0.977660358,"74":0.9759577513,"75":0.9852818251,"76":0.9771591425,"77":0.9798467755,"78":0.9885274768,"79":0.9843168259,"80":0.9789716005,"81":0.9867423773,"82":0.9867658615,"83":0.9802449942,"84":0.9850364923,"85":0.9825669527,"86":0.9750703573,"87":0.9876312017,"88":0.9807590246,"89":0.9807336926,"90":0.9846154451,"91":0.9878145456,"92":0.9845121503,"93":0.9751381874,"94":0.9828037024,"95":0.975053966,"96":0.9854798317,"97":0.9916766882,"98":0.9857414961,"99":0.9803798795},"val_loss":{"0":0.2527791858,"1":0.1613428891,"2":0.1591262519,"3":0.1407103091,"4":0.1210027784,"5":0.1160442084,"6":0.1024250761,"7":0.1054724306,"8":0.0871934295,"9":0.079635106,"10":0.0834953561,"11":0.0849954411,"12":0.0709561631,"13":0.0682870373,"14":0.0833003744,"15":0.0911156535,"16":0.0841549262,"17":0.0916122124,"18":0.0679690465,"19":0.0715882778,"20":0.073901996,"21":0.0660988688,"22":0.0639098734,"23":0.0677139238,"24":0.0971096605,"25":0.0780581459,"26":0.0921067744,"27":0.0565677918,"28":0.0566484816,"29":0.0790560991,"30":0.0660333112,"31":0.0666687936,"32":0.066078648,"33":0.0643320158,"34":0.0594622716,"35":0.0631284416,"36":0.0600977391,"37":0.0653770193,"38":0.059674006,"39":0.0612988546,"40":0.0622681975,"41":0.0549687967,"42":0.0800776705,"43":0.0542556457,"44":0.0577900298,"45":0.0547417775,"46":0.0571618006,"47":0.0538059399,"48":0.0481761247,"49":0.06091832,"50":0.0533206277,"51":0.0493715703,"52":0.052007921,"53":0.0476801954,"54":0.057239525,"55":0.0591966026,"56":0.0498452447,"57":0.0517998002,"58":0.0526205041,"59":0.0483002402,"60":0.0504818372,"61":0.0557907335,"62":0.0512431487,"63":0.0503536351,"64":0.0538387485,"65":0.0538625084,"66":0.0498746857,"67":0.0509121232,"68":0.048178196,"69":0.04626818,"70":0.0546892844,"71":0.045972731,"72":0.0511881188,"73":0.0466109179,"74":0.0534631126,"75":0.0438882597,"76":0.0495420471,"77":0.070596382,"78":0.0527871735,"79":0.0467025712,"80":0.0653761625,"81":0.0427859724,"82":0.0417860746,"83":0.0443041176,"84":0.0472297855,"85":0.0693209097,"86":0.0553297661,"87":0.0421230718,"88":0.047733631,"89":0.0546321981,"90":0.0423725657,"91":0.0448760241,"92":0.0482066572,"93":0.0541762076,"94":0.0434720032,"95":0.0492501631,"96":0.0406655036,"97":0.041863773,"98":0.0469195098,"99":0.0643832684},"val_accuracy":{"0":0.9163945913,"1":0.9560689926,"2":0.9540089965,"3":0.9488827586,"4":0.9640713334,"5":0.9677279592,"6":0.9700834155,"7":0.9685962796,"8":0.9689871073,"9":0.9722024202,"10":0.9694769382,"11":0.9733575583,"12":0.9748495221,"13":0.9750940204,"14":0.9734860063,"15":0.9718257785,"16":0.9754193425,"17":0.9716405272,"18":0.9773637652,"19":0.9763066173,"20":0.9766509533,"21":0.9797288179,"22":0.9783592224,"23":0.9785377979,"24":0.9698988199,"25":0.9781703353,"26":0.9723383188,"27":0.9805656672,"28":0.9807689786,"29":0.9800622463,"30":0.9805229902,"31":0.9757581353,"32":0.9808527231,"33":0.9812941551,"34":0.9818845987,"35":0.9809605479,"36":0.9785658121,"37":0.9805703163,"38":0.9815970659,"39":0.9811109304,"40":0.9807782769,"41":0.9822468162,"42":0.9770228267,"43":0.9822866321,"44":0.9812699556,"45":0.9822260141,"46":0.982301116,"47":0.9809558988,"48":0.9837396145,"49":0.978821218,"50":0.9826661348,"51":0.9831919074,"52":0.9839071035,"53":0.9842639565,"54":0.983202219,"55":0.9825655222,"56":0.9822987914,"57":0.9828501344,"58":0.9841879606,"59":0.9844990373,"60":0.9830932617,"61":0.9807645679,"62":0.9821680188,"63":0.982118845,"64":0.9830464721,"65":0.984408021,"66":0.9848781228,"67":0.9841014743,"68":0.9835681319,"69":0.9847919345,"70":0.9838909507,"71":0.9854115844,"72":0.9856646657,"73":0.9853604436,"74":0.9837347269,"75":0.9849337935,"76":0.9826380014,"77":0.9825774431,"78":0.9850020409,"79":0.9849119186,"80":0.9824602008,"81":0.9856699109,"82":0.985943675,"83":0.9855138659,"84":0.9852067828,"85":0.9789682627,"86":0.9819598794,"87":0.985781312,"88":0.9844051003,"89":0.9851493835,"90":0.9861081243,"91":0.9852322936,"92":0.9862000942,"93":0.9856266379,"94":0.9866704345,"95":0.9859728217,"96":0.9868689775,"97":0.986743927,"98":0.9851151705,"99":0.9852183461}}