{"loss":{"0":3.0480587482,"1":0.5007456541,"2":0.3990825415,"3":0.3799013197,"4":0.3019631803,"5":0.2346654236,"6":0.2315469235,"7":0.1694621742,"8":0.2234213799,"9":0.2509259582,"10":0.1872750074,"11":0.1648539007,"12":0.192179054,"13":0.1380248666,"14":0.1695127189,"15":0.1248951554,"16":0.1358579546,"17":0.1378445923,"18":0.1120430231,"19":0.1097374782,"20":0.1308710277,"21":0.1243888736,"22":0.0836682916,"23":0.1523051113,"24":0.1397334635,"25":0.1294258535,"26":0.1576744914,"27":0.1549063027,"28":0.130811289,"29":0.141148001,"30":0.145498544,"31":0.0930422693,"32":0.156433031,"33":0.100632906,"34":0.1113286614,"35":0.1197630316,"36":0.1099968925,"37":0.1316173971,"38":0.1054339558,"39":0.0857672617,"40":0.1161253303,"41":0.0892921165,"42":0.0876634866,"43":0.1280293912,"44":0.1319234371,"45":0.1424396336,"46":0.0923142657,"47":0.1577307582,"48":0.1507077813,"49":0.1224395856},"accuracy":{"0":0.5628320575,"1":0.7469787598,"2":0.8203012347,"3":0.8262857199,"4":0.8680699468,"5":0.9211879969,"6":0.9128316045,"7":0.947412014,"8":0.9303712845,"9":0.9188486338,"10":0.9451463819,"11":0.9477558136,"12":0.9463000298,"13":0.9646229744,"14":0.956408143,"15":0.9678857923,"16":0.9612544179,"17":0.9594384432,"18":0.9648742676,"19":0.9659894109,"20":0.9630352259,"21":0.9662257433,"22":0.9763089418,"23":0.9518480301,"24":0.9605909586,"25":0.9600917101,"26":0.9541730881,"27":0.9601475596,"28":0.9632049799,"29":0.9626661539,"30":0.9624235034,"31":0.9741541743,"32":0.9579952955,"33":0.9733350873,"34":0.9704057574,"35":0.9679028392,"36":0.9713929296,"37":0.9662213326,"38":0.9726305008,"39":0.9768659472,"40":0.9685419202,"41":0.9776273966,"42":0.9724119902,"43":0.9656736255,"44":0.9614187479,"45":0.9624974132,"46":0.9737688303,"47":0.9542859793,"48":0.949262023,"49":0.9661300778},"val_loss":{"0":0.6615940928,"1":0.4073999226,"2":0.3502031863,"3":0.3185552657,"4":0.2778225541,"5":0.1957167685,"6":0.2128598243,"7":0.1847653836,"8":0.2239223421,"9":0.1891945899,"10":0.1581164896,"11":0.2328998744,"12":0.1441226453,"13":0.1431520283,"14":0.1485506594,"15":0.1398729086,"16":0.1333183646,"17":0.1346044242,"18":0.1845131069,"19":0.1398508698,"20":0.1364060491,"21":0.1199271977,"22":0.1405737847,"23":0.1269140095,"24":0.1208807454,"25":0.1963623613,"26":0.1206100062,"27":0.1218721122,"28":0.1338164657,"29":0.1275072098,"30":0.1175778359,"31":0.1201094911,"32":0.1436343938,"33":0.1143832058,"34":0.1298925132,"35":0.1099046022,"36":0.1115904078,"37":0.1175115705,"38":0.1150391027,"39":0.1082251668,"40":0.102324076,"41":0.1026352048,"42":0.1572686881,"43":0.1360451579,"44":0.114626281,"45":0.1061657444,"46":0.1488000751,"47":0.262734741,"48":0.1273905039,"49":0.1090111211},"val_accuracy":{"0":0.6985280514,"1":0.8348894119,"2":0.8271119595,"3":0.8645191789,"4":0.8976171613,"5":0.9317074418,"6":0.9228018522,"7":0.9445620179,"8":0.9372125864,"9":0.9369451404,"10":0.9546459317,"11":0.926197052,"12":0.9602762461,"13":0.9575923085,"14":0.9602902532,"15":0.960393846,"16":0.9616287947,"17":0.9594817162,"18":0.9407657981,"19":0.9611981511,"20":0.9608855247,"21":0.9659276605,"22":0.9603487253,"23":0.9646952748,"24":0.9679588079,"25":0.9006788731,"26":0.9673829079,"27":0.967633605,"28":0.9567335844,"29":0.9614207149,"30":0.9678142667,"31":0.9670633078,"32":0.9575964212,"33":0.9675260782,"34":0.962587595,"35":0.9699266553,"36":0.9678305387,"37":0.9648727179,"38":0.9669877887,"39":0.9716881514,"40":0.9714686275,"41":0.9704034925,"42":0.9538097978,"43":0.960285306,"44":0.9687322378,"45":0.9721959233,"46":0.9498312473,"47":0.9013987184,"48":0.9646788836,"49":0.9693066478}}