{"loss":{"0":0.3750627041,"1":0.2089894563,"2":0.1659230292,"3":0.1802543104,"4":0.1877339184,"5":0.165384233,"6":0.2278581858,"7":0.212736398,"8":0.1791470945,"9":0.1547150612,"10":0.1340229362,"11":0.129526943,"12":0.145760268,"13":0.1212591529,"14":0.182303831,"15":0.1412654221,"16":0.141043514,"17":0.1262821108,"18":0.1200906485,"19":0.1380690783,"20":0.1246778816,"21":0.101830855,"22":0.1772818565,"23":0.1221909299,"24":0.1679365933,"25":0.1798756123,"26":0.1196901202,"27":0.1236217171,"28":0.1259463876,"29":0.1740846038,"30":0.1406051219,"31":0.1297843754,"32":0.1314451247,"33":0.0965641588,"34":0.1382036507,"35":0.1194023639,"36":0.1258668453,"37":0.1151778251,"38":0.140900597,"39":0.1338372082,"40":0.1034271866,"41":0.1124851555,"42":0.1473075598,"43":0.1084883586,"44":0.1258504391,"45":0.1435233057,"46":0.1093831807,"47":0.1006818414,"48":0.1225896329,"49":0.0901137069},"accuracy":{"0":0.8435345888,"1":0.9201963544,"2":0.9381429553,"3":0.926812768,"4":0.93376863,"5":0.9332180023,"6":0.9296325445,"7":0.9305425882,"8":0.9381355047,"9":0.9411795735,"10":0.9453802109,"11":0.9461981654,"12":0.9490672946,"13":0.950279355,"14":0.9386180639,"15":0.9467328787,"16":0.9474948645,"17":0.9529269934,"18":0.9559680223,"19":0.9476755261,"20":0.9503628016,"21":0.9609853625,"22":0.9402511716,"23":0.9565054178,"24":0.9407503009,"25":0.9429699779,"26":0.9529076815,"27":0.9569514394,"28":0.9524778128,"29":0.9351453781,"30":0.9499588013,"31":0.9543064237,"32":0.9511104822,"33":0.9606633186,"34":0.9534856677,"35":0.9544677734,"36":0.952032268,"37":0.9567268491,"38":0.9536964297,"39":0.9544669986,"40":0.9632059932,"41":0.9564809799,"42":0.9515966177,"43":0.9601985812,"44":0.9529590607,"45":0.9481884241,"46":0.9613677859,"47":0.9602427483,"48":0.9554052353,"49":0.965965569},"val_loss":{"0":0.2490269989,"1":0.2057104707,"2":0.222394675,"3":0.1786779016,"4":0.1888447404,"5":0.1658142507,"6":0.1928235143,"7":0.1613078415,"8":0.1635380089,"9":0.1500271112,"10":0.1513162553,"11":0.1493364125,"12":0.1425299495,"13":0.1391120851,"14":0.1477101445,"15":0.1491711885,"16":0.1403766423,"17":0.1303873658,"18":0.1336160004,"19":0.1290297061,"20":0.1292873323,"21":0.1375395358,"22":0.1500603557,"23":0.1237508878,"24":0.137013346,"25":0.1296557486,"26":0.1269354671,"27":0.122288771,"28":0.1211924851,"29":0.1281428635,"30":0.1205555275,"31":0.1284312755,"32":0.1218504533,"33":0.1349992752,"34":0.1238563359,"35":0.1195548624,"36":0.1201819703,"37":0.1207089871,"38":0.1218078062,"39":0.1152617037,"40":0.1152973399,"41":0.1135168001,"42":0.1168841869,"43":0.1146770865,"44":0.1194663346,"45":0.1123764366,"46":0.1125841588,"47":0.1332780719,"48":0.1156713814,"49":0.1120386198},"val_accuracy":{"0":0.9024583697,"1":0.9220638871,"2":0.9269688725,"3":0.9360473752,"4":0.9310692549,"5":0.938673377,"6":0.9366959333,"7":0.9434388876,"8":0.9442790151,"9":0.9437302947,"10":0.9461311698,"11":0.9467876554,"12":0.9475905895,"13":0.9490748644,"14":0.9466940165,"15":0.9429684877,"16":0.9475402832,"17":0.950833261,"18":0.9486923218,"19":0.9505290985,"20":0.9517375827,"21":0.9509668946,"22":0.9504336119,"23":0.9537366033,"24":0.9525331855,"25":0.9518341422,"26":0.9537693262,"27":0.9542176723,"28":0.9545179009,"29":0.9533588886,"30":0.9551687837,"31":0.9548584819,"32":0.955116272,"33":0.9558631182,"34":0.9546524882,"35":0.9542825818,"36":0.9557005763,"37":0.9538772702,"38":0.9561479688,"39":0.9571826458,"40":0.9580545425,"41":0.9577311277,"42":0.9586853385,"43":0.9575229287,"44":0.9546326995,"45":0.9590461254,"46":0.9585008025,"47":0.9489118457,"48":0.9562873244,"49":0.9577901363}}