{"loss":{"0":0.3627922833,"1":0.23881419,"2":0.2130163461,"3":0.1974244416,"4":0.1453479081,"5":0.1193784475,"6":0.1318013817,"7":0.1252464354,"8":0.104289189,"9":0.1010686904,"10":0.0940013155,"11":0.0744190961,"12":0.0805358887,"13":0.0734559596,"14":0.0926113278,"15":0.0597537458,"16":0.0746820569,"17":0.0754365474,"18":0.0349961482,"19":0.0378883444,"20":0.0488906763,"21":0.0573317185,"22":0.0301883016,"23":0.0338305049,"24":0.0579340383,"25":0.0366002508,"26":0.0622790977,"27":0.076733008,"28":0.0687723309,"29":0.0622776933,"30":0.082353197,"31":0.0372127481,"32":0.0772881061,"33":0.0350582227,"34":0.051946573,"35":0.0513012297,"36":0.052621346,"37":0.0510310531,"38":0.0397843793,"39":0.0297766123,"40":0.051315479,"41":0.0315275155,"42":0.0272140801,"43":0.0398386754,"44":0.0564246476,"45":0.0612931624,"46":0.0196787659,"47":0.0573916435,"48":0.0365185402,"49":0.0452569462},"dice_metric":{"0":0.7867007256,"1":0.855015099,"2":0.8671113253,"3":0.8788223267,"4":0.910264492,"5":0.9250488281,"6":0.9205255508,"7":0.9206533432,"8":0.9414000511,"9":0.9436182976,"10":0.9489129186,"11":0.9545685649,"12":0.9612768292,"13":0.9586622119,"14":0.9595922232,"15":0.9653322101,"16":0.9616299868,"17":0.9649916887,"18":0.9763916135,"19":0.9765481949,"20":0.9744671583,"21":0.9734886289,"22":0.9762215614,"23":0.9831615686,"24":0.9791843295,"25":0.9805887341,"26":0.9767602682,"27":0.9635432363,"28":0.9739271998,"29":0.9762611389,"30":0.9680191875,"31":0.9789803624,"32":0.9712303281,"33":0.9817585945,"34":0.9777157903,"35":0.9797394872,"36":0.9743412137,"37":0.9809666872,"38":0.9808337092,"39":0.9878757596,"40":0.9797107577,"41":0.9829824567,"42":0.9846891165,"43":0.9842014313,"44":0.9781391025,"45":0.9709596634,"46":0.9871289134,"47":0.9805994034,"48":0.9798129797,"49":0.9835571051},"Accuracy":{"0":0.8659764528,"1":0.9437078238,"2":0.957678616,"3":0.9570752978,"4":0.9766548276,"5":0.9827270508,"6":0.9759082794,"7":0.9735263586,"8":0.9801001549,"9":0.980705142,"10":0.9811059833,"11":0.9870206714,"12":0.9830217361,"13":0.9859668016,"14":0.9805619121,"15":0.9883777499,"16":0.986018002,"17":0.9852077365,"18":0.9957422018,"19":0.9930008054,"20":0.9917081594,"21":0.9905099869,"22":0.9969655275,"23":0.9945400953,"24":0.988026917,"25":0.9934770465,"26":0.9882040024,"27":0.9799893498,"28":0.9855243564,"29":0.9867240787,"30":0.9814947844,"31":0.9917112589,"32":0.9813274145,"33":0.9944852591,"34":0.9891520739,"35":0.9889391661,"36":0.9881685376,"37":0.9881305695,"38":0.9912727475,"39":0.9955713153,"40":0.9876702428,"41":0.994769454,"42":0.9944645166,"43":0.9916782379,"44":0.9872085452,"45":0.9850705862,"46":0.9972190857,"47":0.9874540567,"48":0.9907585382,"49":0.9911084175},"val_loss":{"0":1.4640402794,"1":0.4450252652,"2":0.1862919927,"3":0.1429373473,"4":0.1225395203,"5":0.145238623,"6":0.1020093113,"7":0.1077467352,"8":0.0719091669,"9":0.0875251219,"10":0.0846643075,"11":0.0798765719,"12":0.0689799562,"13":0.0603115223,"14":0.0512554273,"15":0.0589592345,"16":0.0586010441,"17":0.0674938262,"18":0.0536988005,"19":0.0578539707,"20":0.0821652412,"21":0.0870535672,"22":0.0568961464,"23":0.0514716692,"24":0.0484029539,"25":0.0534766465,"26":0.0489688404,"27":0.0685303956,"28":0.0587847345,"29":0.0582754798,"30":0.1002810672,"31":0.0490516573,"32":0.0499285348,"33":0.0451913252,"34":0.0478294156,"35":0.0431108437,"36":0.0420742854,"37":0.0427030809,"38":0.048394002,"39":0.052530095,"40":0.04820963,"41":0.0476673879,"42":0.053402517,"43":0.0590649024,"44":0.0450722836,"45":0.0413202941,"46":0.0448983237,"47":0.0483351424,"48":0.0518859848,"49":0.040892899},"val_dice_metric":{"0":0.762870729,"1":0.8319069147,"2":0.8932475448,"3":0.9083233476,"4":0.9231842756,"5":0.9073698521,"6":0.9350806475,"7":0.9434015155,"8":0.9612509012,"9":0.9497708678,"10":0.9554525614,"11":0.9552443027,"12":0.9615243673,"13":0.9714367986,"14":0.977664113,"15":0.9733410478,"16":0.9730826616,"17":0.9638335705,"18":0.9779472351,"19":0.9761940241,"20":0.9664548635,"21":0.9564427733,"22":0.9773996472,"23":0.9813096523,"24":0.9807141423,"25":0.9808679819,"26":0.9797027111,"27":0.9714355469,"28":0.9816275835,"29":0.9834616184,"30":0.9659299254,"31":0.9867920876,"32":0.9777248502,"33":0.9859923124,"34":0.9743879437,"35":0.9820193648,"36":0.9872037768,"37":0.9874144793,"38":0.9858970642,"39":0.9871976972,"40":0.9774088264,"41":0.9836059809,"42":0.9868828058,"43":0.9880619645,"44":0.986107707,"45":0.9873967767,"46":0.988860786,"47":0.9878541231,"48":0.9907814264,"49":0.9857259393},"val_Accuracy":{"0":0.716348052,"1":0.88222754,"2":0.940048933,"3":0.9604062438,"4":0.9684460759,"5":0.96375525,"6":0.9813989401,"7":0.9685307145,"8":0.9831172824,"9":0.9812800288,"10":0.9777920842,"11":0.982226193,"12":0.9856824875,"13":0.9860829711,"14":0.9884249568,"15":0.9867299199,"16":0.9875324368,"17":0.9839636087,"18":0.9896851778,"19":0.9879886508,"20":0.9809766412,"21":0.9789412022,"22":0.989272356,"23":0.9899914861,"24":0.9896562696,"25":0.9882688522,"26":0.9899058938,"27":0.9849775434,"28":0.985845089,"29":0.9857923985,"30":0.9770371914,"31":0.988317728,"32":0.9879049063,"33":0.9901844859,"34":0.9902808666,"35":0.9904360175,"36":0.990167141,"37":0.9903134704,"38":0.9880848527,"39":0.9892213345,"40":0.989166379,"41":0.9894129634,"42":0.9901646972,"43":0.9869596958,"44":0.9882941246,"45":0.9898545742,"46":0.9897840619,"47":0.9887600541,"48":0.9902439713,"49":0.9901232123}}