{"loss":{"0":0.5532486439,"1":0.2023863494,"2":0.2016651928,"3":0.1742405742,"4":0.142219156,"5":0.1157128215,"6":0.1111280546,"7":0.0856571794,"8":0.1226148754,"9":0.1279897839,"10":0.1128452048,"11":0.0790515095,"12":0.104440771,"13":0.0799209476,"14":0.1060749441,"15":0.0785076842,"16":0.0881339088,"17":0.0979883373,"18":0.0578275993,"19":0.0488916859,"20":0.0744278803,"21":0.0713060796,"22":0.0465835594,"23":0.0686553642,"24":0.0892254785,"25":0.075844869,"26":0.0912343785,"27":0.1029561609,"28":0.0899962187,"29":0.0749987885,"30":0.103200458,"31":0.051169496,"32":0.1083707362,"33":0.0656104013,"34":0.0682391375,"35":0.0780358911,"36":0.078051731,"37":0.0821117535,"38":0.0674268752,"39":0.0621646121,"40":0.0688030794,"41":0.0474295467,"42":0.036221765,"43":0.0534711592,"44":0.0758516192,"45":0.0903005898,"46":0.0390224457,"47":0.0854014009,"48":0.0617739782,"49":0.0631034225,"50":0.0333719812,"51":0.0548271947,"52":0.047280889,"53":0.0539832301,"54":0.0449817143,"55":0.0551393405,"56":0.0813935101,"57":0.0883793607,"58":0.0348318629,"59":0.0474047214,"60":0.0720830411,"61":0.0558492839,"62":0.0544869006,"63":0.0539096482,"64":0.0845771357,"65":0.0551465526,"66":0.0589925349,"67":0.0393541455,"68":0.0440327711,"69":0.0876287669,"70":0.078450717,"71":0.0529629514,"72":0.0443444289,"73":0.0279163234,"74":0.0700018853,"75":0.0443318114,"76":0.0831012204,"77":0.0442033969,"78":0.0293155201,"79":0.0435895734,"80":0.0558977425,"81":0.0301899705,"82":0.07276126,"83":0.0435771123,"84":0.0673886687,"85":0.0542822294,"86":0.0340524726,"87":0.0538126715,"88":0.0283171739,"89":0.0674525201,"90":0.0576130524,"91":0.0367910452,"92":0.0511629581,"93":0.064123556,"94":0.0529183969,"95":0.0417353027,"96":0.0818352029,"97":0.0600213818,"98":0.0519961938,"99":0.0335829481},"accuracy":{"0":0.8081795573,"1":0.9428874254,"2":0.9400936961,"3":0.9461313486,"4":0.956374526,"5":0.9644853473,"6":0.9662498236,"7":0.9722667933,"8":0.9642403722,"9":0.9613062143,"10":0.9656251669,"11":0.9763623476,"12":0.9694205523,"13":0.9765728116,"14":0.9701629877,"15":0.9764528275,"16":0.9741274714,"17":0.9724141955,"18":0.9811204672,"19":0.9824453592,"20":0.9761716723,"21":0.980050683,"22":0.9845193028,"23":0.9792559743,"24":0.9752640724,"25":0.9775999188,"26":0.9718181491,"27":0.9681022763,"28":0.9728149176,"29":0.9782021642,"30":0.970354259,"31":0.9841596484,"32":0.9685958624,"33":0.9817037582,"34":0.9808362722,"35":0.9763702154,"36":0.9764294624,"37":0.9761352539,"38":0.9803884625,"39":0.9838029742,"40":0.978974998,"41":0.9849613309,"42":0.9874747992,"43":0.9847708941,"44":0.9764453173,"45":0.9722776413,"46":0.9874744415,"47":0.9781233072,"48":0.9809576273,"49":0.9820449948,"50":0.9887133837,"51":0.9837360382,"52":0.9854313135,"53":0.9838577509,"54":0.9872757792,"55":0.9829913378,"56":0.9770282507,"57":0.9743722081,"58":0.9886649251,"59":0.9865285754,"60":0.978653729,"61":0.982730031,"62":0.9841674566,"63":0.9836475253,"64":0.9756143689,"65":0.9835958481,"66":0.9823516607,"67":0.9879589081,"68":0.986820817,"69":0.9773925543,"70":0.9760372043,"71":0.9831705093,"72":0.987079978,"73":0.9907852411,"74":0.9807082415,"75":0.9874153137,"76":0.978266716,"77":0.9875451326,"78":0.9897430539,"79":0.988073349,"80":0.9837492108,"81":0.9896391034,"82":0.9798795581,"83":0.9866722226,"84":0.9815227389,"85":0.9852477312,"86":0.9888607264,"87":0.9852306247,"88":0.99094069,"89":0.981826663,"90":0.9845197797,"91":0.9890297055,"92":0.9851118922,"93":0.9805504084,"94":0.9851348996,"95":0.9875831604,"96":0.9764062762,"97":0.9821990728,"98":0.9858852625,"99":0.9895550609},"val_loss":{"0":0.2455915213,"1":0.1888079792,"2":0.1537174881,"3":0.1342267841,"4":0.1141572371,"5":0.1086099967,"6":0.1086958274,"7":0.1138285398,"8":0.1013826728,"9":0.1171446219,"10":0.0978580713,"11":0.0922726318,"12":0.0929873288,"13":0.08876542,"14":0.0950464383,"15":0.0906106904,"16":0.0844901949,"17":0.089195922,"18":0.094338268,"19":0.0933992639,"20":0.0851910338,"21":0.0834119096,"22":0.0871110559,"23":0.084008716,"24":0.0828346163,"25":0.0805765539,"26":0.081276603,"27":0.0775641277,"28":0.0822018459,"29":0.0744813457,"30":0.0748978928,"31":0.0750721693,"32":0.0843914747,"33":0.0730664209,"34":0.0726580396,"35":0.0687553138,"36":0.0742750391,"37":0.0674936622,"38":0.0719294176,"39":0.0800448656,"40":0.0677893758,"41":0.0700343102,"42":0.0771537051,"43":0.0720504448,"44":0.0764171109,"45":0.0663445294,"46":0.0775844157,"47":0.073507227,"48":0.0734986514,"49":0.064606376,"50":0.0834526792,"51":0.068556048,"52":0.0691936761,"53":0.0629962161,"54":0.0667374879,"55":0.0667128116,"56":0.0686629042,"57":0.0666969642,"58":0.0726995766,"59":0.0660886988,"60":0.0633127838,"61":0.0646403581,"62":0.0630830377,"63":0.068986848,"64":0.0679611191,"65":0.0648997724,"66":0.06210443,"67":0.065309301,"68":0.0651381165,"69":0.0647492707,"70":0.0640402436,"71":0.0632310659,"72":0.066588901,"73":0.0686391145,"74":0.0622889735,"75":0.0688726157,"76":0.0652850643,"77":0.0691380054,"78":0.0741637647,"79":0.0645550862,"80":0.0652442202,"81":0.0750322267,"82":0.0654140338,"83":0.0637741312,"84":0.0601038411,"85":0.0586020164,"86":0.0658277348,"87":0.0680830628,"88":0.0688651204,"89":0.0628246665,"90":0.061698243,"91":0.0586253703,"92":0.0604673475,"93":0.0615328327,"94":0.0641506612,"95":0.0600357577,"96":0.0605405606,"97":0.0582047813,"98":0.0602131784,"99":0.0614702515},"val_accuracy":{"0":0.923669219,"1":0.9371073842,"2":0.9544899464,"3":0.9582102895,"4":0.9640712142,"5":0.9666424394,"6":0.9661174417,"7":0.9624693394,"8":0.9696666598,"9":0.9612076283,"10":0.9708954096,"11":0.9719745517,"12":0.9701682329,"13":0.9712147117,"14":0.9729070067,"15":0.974917829,"16":0.9748119712,"17":0.9740751386,"18":0.9747841358,"19":0.9745538235,"20":0.9760414362,"21":0.975025177,"22":0.976277113,"23":0.975364089,"24":0.9749518633,"25":0.97565943,"26":0.9754624367,"27":0.9769302607,"28":0.975874722,"29":0.9774918556,"30":0.9769417048,"31":0.9783117175,"32":0.9780629873,"33":0.9787139893,"34":0.9778890014,"35":0.9788426757,"36":0.9788922668,"37":0.9798269272,"38":0.9797041416,"39":0.9796301126,"40":0.979526937,"41":0.9794408679,"42":0.9792088866,"43":0.980143249,"44":0.9762803912,"45":0.9800217152,"46":0.9802350998,"47":0.9798988104,"48":0.9804151654,"49":0.9809069037,"50":0.9770504832,"51":0.9805783629,"52":0.9812326431,"53":0.9813089967,"54":0.9811351895,"55":0.9795724154,"56":0.979614079,"57":0.9801920056,"58":0.981405437,"59":0.9808920622,"60":0.98165977,"61":0.9811750054,"62":0.9811059237,"63":0.9812326431,"64":0.9810438156,"65":0.9808656573,"66":0.9813595414,"67":0.9818965793,"68":0.9821089506,"69":0.9815158248,"70":0.9817003608,"71":0.9821420908,"72":0.981806457,"73":0.9814235568,"74":0.9819678068,"75":0.9816893339,"76":0.9821078181,"77":0.9805029631,"78":0.9815886021,"79":0.9824002385,"80":0.9819663763,"81":0.9808155894,"82":0.9809665084,"83":0.9820768833,"84":0.9824219942,"85":0.9830508828,"86":0.9825274348,"87":0.9803103805,"88":0.9826834202,"89":0.9822119474,"90":0.9829460382,"91":0.9833176136,"92":0.9831745028,"93":0.9825217724,"94":0.9822763801,"95":0.98317945,"96":0.9827264547,"97":0.9830843806,"98":0.9828727245,"99":0.9825583696}}