{"loss":{"0":0.8524538279,"1":0.4934039712,"2":0.4452637732,"3":0.37729159,"4":0.4269956648,"5":0.2800258398,"6":0.2613976896,"7":0.2615870237,"8":0.1939150393,"9":0.2277836055,"10":0.2003662139,"11":0.1625307798,"12":0.1872807741,"13":0.3030807972,"14":0.2095154822,"15":0.1523810476,"16":0.1037926078,"17":0.1170523539,"18":0.136640951,"19":0.1913749278},"mean_io_u":{"0":0.270439446,"1":0.2010821551,"2":0.197115913,"3":0.197648406,"4":0.2016076446,"5":0.1879238337,"6":0.1782507002,"7":0.2884720266,"8":0.204671219,"9":0.1847190112,"10":0.1806990355,"11":0.2131259143,"12":0.1938003749,"13":0.1979755759,"14":0.1805400997,"15":0.202017352,"16":0.2090888321,"17":0.1858395785,"18":0.1867638677,"19":0.200863868},"Accuracy":{"0":0.7634199858,"1":0.8039281964,"2":0.8321925998,"3":0.8661586642,"4":0.8376413584,"5":0.9021396637,"6":0.9097592235,"7":0.9231222868,"8":0.9435397983,"9":0.9196916819,"10":0.9359753728,"11":0.9432131648,"12":0.9288803339,"13":0.9018939137,"14":0.9225498438,"15":0.9571107626,"16":0.9675630331,"17":0.958360672,"18":0.9661253095,"19":0.9356479645},"val_loss":{"0":0.4156109393,"1":0.3106438816,"2":0.3980246484,"3":0.2934543788,"4":0.2231046557,"5":0.2047271729,"6":0.1771653295,"7":0.1520203501,"8":0.1451908946,"9":0.1573648602,"10":0.0979504585,"11":0.0976224318,"12":0.1233123615,"13":0.1576950103,"14":0.0876753032,"15":0.0685194656,"16":0.0988784358,"17":0.0680762827,"18":0.0789533183,"19":0.1497506946},"val_mean_io_u":{"0":0.1886952817,"1":0.165255025,"2":0.1654719561,"3":0.1651059836,"4":0.1650788933,"5":0.165286839,"6":0.1662557125,"7":0.2746137679,"8":0.1658053845,"9":0.166106388,"10":0.1672422439,"11":0.1673767567,"12":0.1683481485,"13":0.1660929173,"14":0.1661295295,"15":0.1660858393,"16":0.1672418267,"17":0.1678004563,"18":0.1675622463,"19":0.1666095108},"val_Accuracy":{"0":0.8583094478,"1":0.874247849,"2":0.9279530644,"3":0.9147596359,"4":0.92537117,"5":0.9335482717,"6":0.9464800954,"7":0.9581406713,"8":0.9374024272,"9":0.9534323812,"10":0.9579277039,"11":0.9589774013,"12":0.9509150386,"13":0.9249928594,"14":0.9720754623,"15":0.9817807078,"16":0.9550848007,"17":0.979434669,"18":0.9756415486,"19":0.9361117482}}