{"loss":{"0":0.6756695509,"1":0.4509258866,"2":0.3987470269,"3":0.3466162086,"4":0.2949482501,"5":0.2385898381,"6":0.2575056553,"7":0.209682554,"8":0.2078006715,"9":0.224009186,"10":0.2252871692,"11":0.2116695344,"12":0.2657368481,"13":0.2132629603,"14":0.2377735078,"15":0.1523822248,"16":0.1408360302,"17":0.1174359769,"18":0.0986011475,"19":0.1547324806,"20":0.1262485087,"21":0.1046139374,"22":0.1200731844,"23":0.0886995196,"24":0.0947210044,"25":0.1472060531,"26":0.113624908,"27":0.090728499,"28":0.0891418904,"29":0.076942727,"30":0.0803541541,"31":0.0805215687,"32":0.0596355498,"33":0.1125643104,"34":0.0633411035,"35":0.2073039562,"36":0.2615456879,"37":0.1761441529,"38":0.1357478052,"39":0.1352487803,"40":0.1287178844,"41":0.0945459008,"42":0.0703439415,"43":0.1721063256,"44":0.107117489,"45":0.0897239447,"46":0.0764312148,"47":0.0580562539,"48":0.0797705203,"49":0.0539057776},"accuracy":{"0":0.5619624853,"1":0.7524662614,"2":0.7766780853,"3":0.8101958036,"4":0.8414815068,"5":0.8775100708,"6":0.8245419264,"7":0.8834861517,"8":0.9018076658,"9":0.8894543648,"10":0.9162966609,"11":0.9212587476,"12":0.9063888788,"13":0.9203287363,"14":0.9083665609,"15":0.9376016855,"16":0.9531010389,"17":0.9645301104,"18":0.9693459272,"19":0.9360496402,"20":0.9563702345,"21":0.9691448212,"22":0.9621332288,"23":0.9729811549,"24":0.9724023938,"25":0.9414681196,"26":0.957083106,"27":0.973500371,"28":0.9758113623,"29":0.9764909744,"30":0.9759961367,"31":0.974047482,"32":0.9825320244,"33":0.9520772696,"34":0.98209095,"35":0.9096701741,"36":0.8124836087,"37":0.9124193192,"38":0.9540988803,"39":0.9620172381,"40":0.9523704648,"41":0.9709291458,"42":0.979262352,"43":0.9532436132,"44":0.9718419909,"45":0.970018208,"46":0.9752906561,"47":0.9808786511,"48":0.9751594663,"49":0.9829101562},"dice_metric":{"0":0.5354348421,"1":0.7326124907,"2":0.7716235518,"3":0.7998193502,"4":0.8360064626,"5":0.8504867554,"6":0.849213779,"7":0.8788722157,"8":0.8692580462,"9":0.8684257269,"10":0.8736608624,"11":0.8911035657,"12":0.8658876419,"13":0.8927870989,"14":0.889441967,"15":0.9170848727,"16":0.9326683283,"17":0.9329382181,"18":0.9532006383,"19":0.9186655879,"20":0.9316952825,"21":0.9538178444,"22":0.9371755719,"23":0.9574384689,"24":0.9510470629,"25":0.9274562597,"26":0.9412428141,"27":0.9529485703,"28":0.9616898298,"29":0.9670186043,"30":0.9633547664,"31":0.9664084315,"32":0.9771669507,"33":0.9506171942,"34":0.9680749178,"35":0.9053009748,"36":0.8591817021,"37":0.9015771747,"38":0.9322576523,"39":0.9249206781,"40":0.9324596524,"41":0.9568309784,"42":0.9694896936,"43":0.9287432432,"44":0.9389605522,"45":0.9575627446,"46":0.9662269354,"47":0.9723436236,"48":0.9648205042,"49":0.9745127559},"val_loss":{"0":0.590484798,"1":0.3971008658,"2":0.3696269095,"3":0.355265379,"4":0.3182113767,"5":0.2779755294,"6":0.2508407831,"7":0.2425584346,"8":0.2591509521,"9":0.228855446,"10":0.1907848418,"11":0.3038904667,"12":0.2770238519,"13":0.1750378162,"14":0.1631466895,"15":0.1495490223,"16":0.1131511256,"17":0.1014818326,"18":0.1045433134,"19":0.1745129973,"20":0.1098131984,"21":0.1041534692,"22":0.0885054693,"23":0.0932840928,"24":0.0940197706,"25":0.0886881873,"26":0.1229847968,"27":0.098155126,"28":0.094872579,"29":0.0796453729,"30":0.0691306069,"31":0.0687826425,"32":0.0852857232,"33":0.0766986087,"34":0.075409539,"35":0.2941525578,"36":0.2105426937,"37":0.1438712329,"38":0.1683727056,"39":0.1228234842,"40":0.1241604537,"41":0.066673018,"42":0.0736126527,"43":0.148460567,"44":0.0980365202,"45":0.0739599019,"46":0.0542193502,"47":0.0871500373,"48":0.0870716646,"49":0.051995039},"val_accuracy":{"0":0.7592865229,"1":0.764058888,"2":0.7728069425,"3":0.8006401658,"4":0.8095855713,"5":0.8177015781,"6":0.8564528227,"7":0.8666579723,"8":0.8187761307,"9":0.918620646,"10":0.9493536949,"11":0.8968755603,"12":0.9148408771,"13":0.9346331954,"14":0.9394178391,"15":0.9589804411,"16":0.9659077525,"17":0.9711426497,"18":0.9702333808,"19":0.9165990949,"20":0.9686107039,"21":0.9701800942,"22":0.9740282893,"23":0.972271502,"24":0.967345655,"25":0.9714908004,"26":0.9458520412,"27":0.9614229798,"28":0.9728143811,"29":0.9776234031,"30":0.9805543423,"31":0.9799959064,"32":0.9710620046,"33":0.9786862731,"34":0.9714193344,"35":0.8205644488,"36":0.8443961143,"37":0.9685205221,"38":0.9391889572,"39":0.9544138312,"40":0.9454834461,"41":0.9782663584,"42":0.9785882831,"43":0.9544635415,"44":0.9661372304,"45":0.9812452793,"46":0.9839864969,"47":0.9710964561,"48":0.9701172113,"49":0.9860613942},"val_dice_metric":{"0":0.6054791808,"1":0.7835274935,"2":0.7896652222,"3":0.7961578369,"4":0.8217942715,"5":0.8565241098,"6":0.8668032289,"7":0.8702300787,"8":0.8491706252,"9":0.8613274693,"10":0.8864377141,"11":0.8498357534,"12":0.8630096316,"13":0.9128375649,"14":0.9083445668,"15":0.9302281737,"16":0.9365441799,"17":0.943190217,"18":0.9495282769,"19":0.9003803134,"20":0.9561305642,"21":0.9513351917,"22":0.9518148899,"23":0.9627713561,"24":0.953684628,"25":0.9549745321,"26":0.9297440052,"27":0.9533410072,"28":0.9616908431,"29":0.9601444602,"30":0.9675320983,"31":0.9644451737,"32":0.9684602022,"33":0.9567741156,"34":0.966702044,"35":0.8551365733,"36":0.8727607727,"37":0.9118801951,"38":0.9093324542,"39":0.9396620989,"40":0.9282978177,"41":0.971739769,"42":0.9702243209,"43":0.9074383378,"44":0.9527752995,"45":0.9701218605,"46":0.9748624563,"47":0.9697188139,"48":0.9693344831,"49":0.9775466919}}