{"loss":{"0":0.707742393,"1":0.2829801738,"2":0.179976508,"3":0.1869640946,"4":0.1733601987,"5":0.1479999274,"6":0.1248362884,"7":0.1440403163,"8":0.1256152391,"9":0.0939663798,"10":0.128616333,"11":0.1310696304,"12":0.1474546641,"13":0.1358838528,"14":0.1348507851},"accuracy":{"0":0.6995662451,"1":0.9141817093,"2":0.9471265674,"3":0.9520494342,"4":0.9537853003,"5":0.9598568678,"6":0.963544488,"7":0.9596959352,"8":0.9630168676,"9":0.9715509415,"10":0.9601524472,"11":0.9607931376,"12":0.9577770233,"13":0.9646869898,"14":0.9646838903},"val_loss":{"0":0.3625428677,"1":0.1815804988,"2":0.1473562717,"3":0.1216215938,"4":0.1313403696,"5":0.1011807546,"6":0.1028544903,"7":0.0919176266,"8":0.0803763643,"9":0.0759369656,"10":0.0894239843,"11":0.1253208965,"12":0.0840630457,"13":0.0716870204,"14":0.0803547651},"val_accuracy":{"0":0.8856027126,"1":0.9423711896,"2":0.9570322633,"3":0.9655291438,"4":0.96332407,"5":0.9693582654,"6":0.9664737582,"7":0.9738506675,"8":0.9749772549,"9":0.9761232734,"10":0.9700778127,"11":0.9631124735,"12":0.9765551686,"13":0.9778257012,"14":0.9760197997}}