{"loss":{"0":0.9609308243,"1":0.4833394587,"2":0.3228259087,"3":0.3282542825,"4":0.2529693246,"5":0.2122757882,"6":0.1947540939,"7":0.1928291172,"8":0.2073829472,"9":0.133634001,"10":0.1560282558,"11":0.1391816437,"12":0.152834475,"13":0.1749358326,"14":0.1527452767},"accuracy":{"0":0.5561698675,"1":0.8863836527,"2":0.9157854915,"3":0.9066854715,"4":0.9257252812,"5":0.9313909411,"6":0.9313953519,"7":0.9353729486,"8":0.9303947687,"9":0.9475452304,"10":0.9502692223,"11":0.9624359012,"12":0.9590118527,"13":0.9558418393,"14":0.9621959925},"val_loss":{"0":0.9579781294,"1":0.6077429056,"2":0.4459410608,"3":0.408021301,"4":0.2527402043,"5":0.2718707919,"6":0.1744137257,"7":0.1898997277,"8":0.2222304791,"9":0.1396754086,"10":0.1282625347,"11":0.1090683416,"12":0.108262822,"13":0.1177493185,"14":0.08753521},"val_accuracy":{"0":0.8829123974,"1":0.918182373,"2":0.8970957398,"3":0.9300143123,"4":0.9341878295,"5":0.9384112954,"6":0.9397535324,"7":0.9418467879,"8":0.9444648027,"9":0.9455512762,"10":0.9663912058,"11":0.9716669321,"12":0.9740142822,"13":0.9673722982,"14":0.9771891236}}