{"loss":{"0":7.7819013596,"1":0.5466974378,"2":0.2453717738,"3":0.171506539,"4":0.1019573361,"5":0.1635543406,"6":0.1207258105,"7":0.1266058981,"8":0.1113366336,"9":0.1106952205,"10":0.1031694412,"11":0.0749788135,"12":0.0931737199,"13":0.1783389449,"14":0.0832815021,"15":0.074647069,"16":0.0616776533,"17":0.0514682904,"18":0.0838401243,"19":0.1000648364,"20":0.1125763431,"21":0.0905981362,"22":0.085709326,"23":0.1213905066,"24":0.122127451,"25":0.1005103439,"26":0.0545722134,"27":0.141785726,"28":0.0923369825,"29":0.0346173123,"30":0.0445626006,"31":0.0872480273,"32":0.062801294,"33":0.0725276619,"34":0.0810575858,"35":0.0583560281,"36":0.1095619351,"37":0.1244260296,"38":0.0903301686,"39":0.1078265756,"40":0.0840808079,"41":0.0630679652,"42":0.0854306519,"43":0.1177720055,"44":0.06978558,"45":0.0854622126,"46":0.0782945752,"47":0.0509557351,"48":0.0452033654,"49":0.131594345},"dice_metric":{"0":0.1579203904,"1":0.8824264407,"2":0.9309006929,"3":0.9449111819,"4":0.9663199186,"5":0.9451273084,"6":0.9620100856,"7":0.9518972635,"8":0.9654065371,"9":0.9508424997,"10":0.9679868817,"11":0.9692373276,"12":0.9676683545,"13":0.9222512245,"14":0.9758639336,"15":0.9736915827,"16":0.9787723422,"17":0.9817765951,"18":0.9685293436,"19":0.9729005098,"20":0.9643191099,"21":0.9687933922,"22":0.9638428688,"23":0.9598067999,"24":0.9473660588,"25":0.9618822932,"26":0.9798049927,"27":0.9462615848,"28":0.9640715718,"29":0.9835959673,"30":0.9873558283,"31":0.9627066851,"32":0.9767824411,"33":0.9724791646,"34":0.9764165878,"35":0.982041657,"36":0.9617568851,"37":0.9455327988,"38":0.9608418345,"39":0.9620262384,"40":0.9684362411,"41":0.9731075168,"42":0.9710892439,"43":0.9508756399,"44":0.9752693176,"45":0.971801281,"46":0.9656183124,"47":0.9788807631,"48":0.9908801913,"49":0.9388369322},"Accuracy":{"0":0.4638872147,"1":0.8961904645,"2":0.9454852939,"3":0.9598762393,"4":0.9746136665,"5":0.9677259326,"6":0.9717718363,"7":0.9657183886,"8":0.9743868113,"9":0.9714218378,"10":0.9761255383,"11":0.9790414572,"12":0.9790025949,"13":0.9565143585,"14":0.9803677797,"15":0.9822292328,"16":0.9859231114,"17":0.9882901907,"18":0.9827564359,"19":0.979993999,"20":0.972735405,"21":0.9754136205,"22":0.9746735692,"23":0.9745146036,"24":0.9701034427,"25":0.9775101542,"26":0.9846858978,"27":0.9647337794,"28":0.975048244,"29":0.9896674156,"30":0.9888814688,"31":0.9770738482,"32":0.9839180708,"33":0.9827243686,"34":0.9858756065,"35":0.9892796278,"36":0.9708186388,"37":0.9685347676,"38":0.9747972488,"39":0.973136723,"40":0.9766752124,"41":0.9838272333,"42":0.9800998569,"43":0.9725201726,"44":0.9871569872,"45":0.9779773951,"46":0.9801576734,"47":0.9876788855,"48":0.990571022,"49":0.9705106616},"val_loss":{"0":1.2551956177,"1":0.3843202591,"2":0.3171321452,"3":0.2533975542,"4":0.3813176155,"5":0.2855500877,"6":0.2022430003,"7":0.2023652494,"8":0.2248544693,"9":0.2296264768,"10":0.1964279115,"11":0.2675132453,"12":0.3146903813,"13":0.18689695,"14":0.2061531246,"15":0.1828140169,"16":0.1682860404,"17":0.2419083714,"18":0.2889031172,"19":0.2238556743,"20":0.2122071683,"21":0.1956350952,"22":0.2389770746,"23":0.19741413,"24":0.2200547755,"25":0.2226037085,"26":0.198056221,"27":0.1736570746,"28":0.2160253823,"29":0.2666658759,"30":0.2448471785,"31":0.1649186462,"32":0.1878388375,"33":0.2221502662,"34":0.1853205413,"35":0.1916175038,"36":0.1967455149,"37":0.2441736013,"38":0.1694621444,"39":0.1631741822,"40":0.1864190698,"41":0.2068533003,"42":0.2308643907,"43":0.1600458771,"44":0.2049111724,"45":0.1850137711,"46":0.159599334,"47":0.2350597382,"48":0.2458867133,"49":0.1714073718},"val_dice_metric":{"0":0.8234775662,"1":0.8663445711,"2":0.929123044,"3":0.9430114031,"4":0.9497151375,"5":0.9428886175,"6":0.9319300652,"7":0.9409222007,"8":0.9455487728,"9":0.9386515021,"10":0.9435084462,"11":0.9526833892,"12":0.9544035196,"13":0.9389689565,"14":0.9547791481,"15":0.9529390335,"16":0.9483046532,"17":0.9562666416,"18":0.9606100321,"19":0.9443593025,"20":0.9401785135,"21":0.93357867,"22":0.9488288164,"23":0.8831140995,"24":0.9521331787,"25":0.9527263641,"26":0.9445657134,"27":0.9414418936,"28":0.9493460655,"29":0.9589515924,"30":0.9570356607,"31":0.9374930263,"32":0.9541577101,"33":0.958586216,"34":0.9455817938,"35":0.9576880336,"36":0.8969852924,"37":0.9491631985,"38":0.9307333231,"39":0.9213522673,"40":0.9472740293,"41":0.9549102187,"42":0.9564950466,"43":0.9068369865,"44":0.9595661163,"45":0.9487011433,"46":0.945273757,"47":0.9618551135,"48":0.9618799686,"49":0.9506995082},"val_Accuracy":{"0":0.8120222092,"1":0.8906488419,"2":0.9272761345,"3":0.9403514862,"4":0.9420719147,"5":0.9394483566,"6":0.9408221245,"7":0.9424600601,"8":0.943549633,"9":0.9420442581,"10":0.9473319054,"11":0.9469041824,"12":0.9465003014,"13":0.9473338127,"14":0.9518036842,"15":0.9529013634,"16":0.9535732269,"17":0.9510645866,"18":0.9534931183,"19":0.9426903725,"20":0.940715313,"21":0.943230629,"22":0.9463372231,"23":0.9462537766,"24":0.9477500916,"25":0.9478697777,"26":0.9478263855,"27":0.9476556778,"28":0.945941925,"29":0.952814579,"30":0.9509730339,"31":0.9511032104,"32":0.9518818855,"33":0.9533567429,"34":0.9504365921,"35":0.9541373253,"36":0.9403223991,"37":0.9438681602,"38":0.9456124306,"39":0.9454774857,"40":0.9508647919,"41":0.953291893,"42":0.953081131,"43":0.9556655884,"44":0.9554915428,"45":0.9491744041,"46":0.9526534081,"47":0.9552583694,"48":0.9551053047,"49":0.9530472755}}