{"loss":{"0":0.4045296609,"1":0.1939712167,"2":0.1774190366,"3":0.1783328801,"4":0.1882949769,"5":0.1660913527,"6":0.2222614288,"7":0.1803701371,"8":0.1771066934,"9":0.1536724865,"10":0.1359291971,"11":0.1313641071,"12":0.1459373981,"13":0.1204604879,"14":0.175237596,"15":0.1381820887,"16":0.1480053365,"17":0.1311460286,"18":0.1237858385,"19":0.1316441745,"20":0.1260314286,"21":0.1062816232,"22":0.1752441227,"23":0.1132925004,"24":0.1677925289,"25":0.1537242383,"26":0.1002373844,"27":0.1200375184,"28":0.1099958569,"29":0.1646954864,"30":0.1366271675,"31":0.1272293925},"accuracy":{"0":0.8205320239,"1":0.9293954968,"2":0.933737576,"3":0.9297418594,"4":0.9315368533,"5":0.9342616796,"6":0.9305320978,"7":0.9337068796,"8":0.9360493422,"9":0.9453293085,"10":0.9469451904,"11":0.9457319975,"12":0.9504565001,"13":0.9514586329,"14":0.9408362508,"15":0.9483011365,"16":0.9440135956,"17":0.9538024664,"18":0.9563056231,"19":0.9521214366,"20":0.9500764608,"21":0.9598506689,"22":0.9428756833,"23":0.9594815969,"24":0.9451061487,"25":0.9457758069,"26":0.9604743719,"27":0.9593122602,"28":0.9580112696,"29":0.9379433393,"30":0.9531941414,"31":0.9561944008},"val_loss":{"0":0.2539258599,"1":0.2116397768,"2":0.1976596564,"3":0.1774105281,"4":0.185766995,"5":0.1618217677,"6":0.1873038858,"7":0.159074828,"8":0.1418789476,"9":0.1507854909,"10":0.1443162262,"11":0.1407980174,"12":0.1394030452,"13":0.1376431435,"14":0.1352238357,"15":0.134144336,"16":0.1418697983,"17":0.1293139756,"18":0.1282924712,"19":0.1228922084,"20":0.1324091554,"21":0.125496611,"22":0.1338726729,"23":0.1196294054,"24":0.1196509376,"25":0.1210141033,"26":0.1287275851,"27":0.1151507571,"28":0.1150780618,"29":0.1216945723,"30":0.1103979647,"31":0.1199081242},"val_accuracy":{"0":0.9028193951,"1":0.9195037484,"2":0.9323750138,"3":0.9388152957,"4":0.9379515052,"5":0.941737175,"6":0.9389907718,"7":0.9406550527,"8":0.949703753,"9":0.9448724985,"10":0.9509748816,"11":0.9502011538,"12":0.9504626989,"13":0.9494611621,"14":0.9529697895,"15":0.95214957,"16":0.946256578,"17":0.9530047774,"18":0.9538487196,"19":0.9545820951,"20":0.9498615265,"21":0.9541902542,"22":0.9571379423,"23":0.9582643509,"24":0.9571057558,"25":0.9539263248,"26":0.9555023313,"27":0.9587129951,"28":0.9588516951,"29":0.9592292905,"30":0.9597751498,"31":0.9580270648}}