{"loss":{"0":0.6214241385,"1":0.3654393256,"2":0.2976782918,"3":0.2837484777,"4":0.2606875002,"5":0.1949040592,"6":0.1907796115,"7":0.2145263851,"8":0.219348833,"9":0.1297521442,"10":0.1742833555,"11":0.1646866053,"12":0.1663622558,"13":0.2168753147,"14":0.1803096235},"accuracy":{"0":0.7878577113,"1":0.8975003958,"2":0.9137967825,"3":0.9140265584,"4":0.9333825111,"5":0.9444150925,"6":0.9472206831,"7":0.9329590797,"8":0.9286028147,"9":0.9614080191,"10":0.949215591,"11":0.9517291188,"12":0.951546669,"13":0.9310051799,"14":0.9509199262},"val_loss":{"0":0.4850593805,"1":0.2414823771,"2":0.2000541538,"3":0.1677751541,"4":0.1462548226,"5":0.1388626844,"6":0.1237745136,"7":0.1181653515,"8":0.1415666044,"9":0.1126997769,"10":0.0966706499,"11":0.1012773588,"12":0.1091815308,"13":0.1091926545,"14":0.0949696526},"val_accuracy":{"0":0.845222652,"1":0.9275164008,"2":0.9456813931,"3":0.9549241066,"4":0.9574018717,"5":0.9620488882,"6":0.9652766585,"7":0.9651551247,"8":0.9642722607,"9":0.9667537808,"10":0.9709468484,"11":0.971785903,"12":0.9692699313,"13":0.9701427817,"14":0.9718450308}}