{"loss":{"0":0.685654521,"1":0.388592422,"2":0.3441720903,"3":0.31947124,"4":0.2693474889,"5":0.1949672401,"6":0.1896112859,"7":0.2085011005,"8":0.2151657045,"9":0.1347694248,"10":0.1807307899,"11":0.1767171174,"12":0.1675908864,"13":0.2187686265,"14":0.1951215863,"15":0.1901151985,"16":0.1512950957,"17":0.1698921025,"18":0.1460810304,"19":0.1153191477,"20":0.1488189846,"21":0.1432554126,"22":0.1108863726,"23":0.1241881475,"24":0.172323212,"25":0.1340359151,"26":0.1120288149,"27":0.0927571729,"28":0.0972427875,"29":0.0873983204,"30":0.07070674,"31":0.1320958287,"32":0.1332418919,"33":0.1358255297,"34":0.1125259995,"35":0.1085465774,"36":0.1143445,"37":0.1055219322,"38":0.0964986831,"39":0.1039774269,"40":0.1241410747,"41":0.1116253585,"42":0.1319795251,"43":0.0939987451,"44":0.1083662957,"45":0.0747920722,"46":0.0866755694,"47":0.1403814703,"48":0.1078848988,"49":0.0828634351},"accuracy":{"0":0.7500253916,"1":0.8952323794,"2":0.9087201953,"3":0.9120218158,"4":0.9391863942,"5":0.9488792419,"6":0.9530881047,"7":0.9398498535,"8":0.9353790283,"9":0.9597638845,"10":0.94889009,"11":0.9538914561,"12":0.9572445154,"13":0.9335993528,"14":0.9441234469,"15":0.9413946271,"16":0.9537937045,"17":0.947481811,"18":0.9553930163,"19":0.9670274854,"20":0.9549571872,"21":0.9622104764,"22":0.9703838229,"23":0.9707544446,"24":0.9510194659,"25":0.9602679014,"26":0.9655599594,"27":0.9731178284,"28":0.9685685039,"29":0.9735458493,"30":0.9808305502,"31":0.9588142633,"32":0.9648705721,"33":0.9600370526,"34":0.9679017067,"35":0.971560955,"36":0.9671728015,"37":0.9746211767,"38":0.9718554616,"39":0.974840939,"40":0.9656273127,"41":0.9674921036,"42":0.9630969763,"43":0.9745922089,"44":0.9716439247,"45":0.9795714617,"46":0.9745935202,"47":0.9613040686,"48":0.9685532451,"49":0.9780145884},"val_loss":{"0":0.6632589102,"1":0.4059650898,"2":0.198172614,"3":0.1495276839,"4":0.1598810554,"5":0.1042099148,"6":0.1079353541,"7":0.0911500156,"8":0.1260091364,"9":0.0910756141,"10":0.0845705643,"11":0.0891043916,"12":0.0960636288,"13":0.1496641636,"14":0.1014924273,"15":0.1362673789,"16":0.0805642456,"17":0.0731640905,"18":0.0905174986,"19":0.0780074522,"20":0.0871381387,"21":0.0743351877,"22":0.064533852,"23":0.0725760609,"24":0.069608666,"25":0.0818022713,"26":0.0650306791,"27":0.0661193058,"28":0.0906116888,"29":0.0648387223,"30":0.0636814162,"31":0.0889384001,"32":0.0734287426,"33":0.068524234,"34":0.0586589724,"35":0.0648281574,"36":0.065366514,"37":0.0622022152,"38":0.0566953309,"39":0.0571147315,"40":0.0669211149,"41":0.0736767501,"42":0.1440066546,"43":0.0533192568,"44":0.0625428781,"45":0.055219952,"46":0.0539308451,"47":0.1389993578,"48":0.0608186387,"49":0.0528041534},"val_accuracy":{"0":0.8817655444,"1":0.9112457037,"2":0.9527016878,"3":0.9637993574,"4":0.9608261585,"5":0.9700433612,"6":0.9711965322,"7":0.9731449485,"8":0.9685609937,"9":0.9724982977,"10":0.9743124247,"11":0.9746026993,"12":0.9750964046,"13":0.9636972547,"14":0.9716470838,"15":0.9747252464,"16":0.9770397544,"17":0.9792480469,"18":0.975751102,"19":0.978319943,"20":0.9794973135,"21":0.9792820811,"22":0.9806417227,"23":0.9791389704,"24":0.9794381857,"25":0.9738528132,"26":0.9817039967,"27":0.979652822,"28":0.970785737,"29":0.981367588,"30":0.9813390374,"31":0.9767305255,"32":0.9805677533,"33":0.9792358875,"34":0.982950151,"35":0.9835962057,"36":0.9827948809,"37":0.9817377329,"38":0.9829371572,"39":0.9841902256,"40":0.9808982611,"41":0.9757434726,"42":0.9492226839,"43":0.9838419557,"44":0.982585609,"45":0.9838790894,"46":0.9841993451,"47":0.976369381,"48":0.9816260338,"49":0.9850332737}}