{"loss":{"0":0.573846519,"1":0.3172954023,"2":0.2545211911,"3":0.1966173202,"4":0.2073758394,"5":0.1611618698,"6":0.1918531954,"7":0.1860110164,"8":0.1484612674,"9":0.1821111888,"10":0.1518819034,"11":0.1431902647,"12":0.1996064037,"13":0.1401894093},"accuracy":{"0":0.7910179496,"1":0.8889457583,"2":0.9140939713,"3":0.9310981631,"4":0.9318881035,"5":0.942799747,"6":0.9311763644,"7":0.9376935959,"8":0.9490019083,"9":0.9375481606,"10":0.9442976713,"11":0.9514164925,"12":0.9359508753,"13":0.9541195631},"val_loss":{"0":0.2832779884,"1":0.2144315988,"2":0.1923349649,"3":0.1667733341,"4":0.1700423062,"5":0.1530208141,"6":0.1465717852,"7":0.1443822533,"8":0.1362007558,"9":0.1470599473,"10":0.1345499009,"11":0.1424825191,"12":0.1473821551,"13":0.1241683587},"val_accuracy":{"0":0.9001563787,"1":0.9255105257,"2":0.9361527562,"3":0.9413127899,"4":0.9438019991,"5":0.9436503649,"6":0.9495061636,"7":0.9500226378,"8":0.9512686133,"9":0.9516788125,"10":0.9510573745,"11":0.9505652785,"12":0.9555537105,"13":0.9555504322}}