{"loss":{"0":0.6046337485,"1":0.5400053263,"2":0.509996295,"3":0.513635993,"4":0.4984821677,"5":0.4944746494,"6":0.469332397,"7":0.4679221213,"8":0.4610691667,"9":0.4598927498,"10":0.4584308267,"11":0.4584514499,"12":0.4516209662,"13":0.434948355,"14":0.4364519119,"15":0.4372082651,"16":0.4420406818,"17":0.4469850063,"18":0.4303395152,"19":0.4192606807,"20":0.4328585267,"21":0.422878921,"22":0.4102644324,"23":0.4159611166,"24":0.4046180248,"25":0.4099219441,"26":0.4014044702,"27":0.3987823427,"28":0.3879006803,"29":0.4006595016,"30":0.3910069466,"31":0.382933408,"32":0.3907524943,"33":0.3722612262,"34":0.3706300259,"35":0.3771632016,"36":0.3965089619,"37":0.3662829101,"38":0.369099319,"39":0.3689805865,"40":0.3790721297,"41":0.3538618088,"42":0.3981465101,"43":0.4006298184,"44":0.3833065033,"45":0.3494836688,"46":0.3841482997,"47":0.3601863682,"48":0.362716496,"49":0.3401094079},"accuracy":{"0":0.6701184511,"1":0.7284476161,"2":0.7917801142,"3":0.7882859111,"4":0.7982028723,"5":0.8148124814,"6":0.8393884897,"7":0.8216058612,"8":0.8351114392,"9":0.8295583725,"10":0.8431676626,"11":0.8300714493,"12":0.8403354883,"13":0.8445099592,"14":0.8474205136,"15":0.8358860016,"16":0.8376418948,"17":0.8343610764,"18":0.8259869814,"19":0.8402578235,"20":0.8283567429,"21":0.843326211,"22":0.8544397354,"23":0.8502908945,"24":0.8487566113,"25":0.8443361521,"26":0.8580350876,"27":0.8584715128,"28":0.8537373543,"29":0.8394843936,"30":0.8503302336,"31":0.8611820936,"32":0.8518379331,"33":0.8613498807,"34":0.8644800186,"35":0.8494589925,"36":0.8493496776,"37":0.8631420135,"38":0.8600751162,"39":0.8544906378,"40":0.8623444438,"41":0.865234375,"42":0.8306600451,"43":0.8319135904,"44":0.8459871411,"45":0.8581371307,"46":0.8457837105,"47":0.8632942438,"48":0.8584036827,"49":0.8787258267},"val_loss":{"0":0.8752476573,"1":0.6599491239,"2":0.9528647661,"3":1.3678455353,"4":0.846799314,"5":1.255810976,"6":0.7831359506,"7":0.7217241526,"8":0.6903656721,"9":0.6065909266,"10":0.6362540722,"11":0.6541392207,"12":0.6212110519,"13":0.5509538054,"14":0.5666826367,"15":0.5722711682,"16":0.596236527,"17":0.5634640455,"18":0.5598167181,"19":0.4957644939,"20":0.5683116913,"21":0.4681243896,"22":0.4321835041,"23":0.4263843596,"24":0.4809592366,"25":0.419333756,"26":0.4066153765,"27":0.4901895821,"28":0.4637280107,"29":0.4049010277,"30":0.6192180514,"31":0.5040667057,"32":0.4610888362,"33":0.3500852883,"34":0.8646070361,"35":0.4321520925,"36":0.3589610159,"37":0.3774240911,"38":0.3472416103,"39":0.7110049725,"40":0.4357401431,"41":0.3443556726,"42":0.4684725702,"43":0.35332039,"44":0.3389737308,"45":0.3960097432,"46":0.3383111656,"47":0.3815882802,"48":0.3160098493,"49":0.5296523571},"val_accuracy":{"0":0.7359073758,"1":0.7580776811,"2":0.620351851,"3":0.4229640067,"4":0.6231446862,"5":0.4169436097,"6":0.605201602,"7":0.6243351102,"8":0.721727252,"9":0.7476232648,"10":0.7547277212,"11":0.6916273832,"12":0.7409091592,"13":0.7566913962,"14":0.7577585578,"15":0.7572072744,"16":0.7605559826,"17":0.7565883398,"18":0.7484540343,"19":0.8142773509,"20":0.7618990541,"21":0.8322988749,"22":0.8458791375,"23":0.8210815191,"24":0.7683221698,"25":0.8321900964,"26":0.8418782353,"27":0.8082959056,"28":0.8300148249,"29":0.8274106979,"30":0.6751622558,"31":0.7624633312,"32":0.7903766036,"33":0.8765164018,"34":0.5600839853,"35":0.7957573533,"36":0.8739743829,"37":0.8377884626,"38":0.8870381713,"39":0.6101330519,"40":0.7941867709,"41":0.8629332781,"42":0.8157419562,"43":0.8792009354,"44":0.888312161,"45":0.8272494674,"46":0.8682173491,"47":0.8499572277,"48":0.8906785846,"49":0.761246264}}