{"loss":{"0":0.574976027,"1":0.2974268794,"2":0.1955275387,"3":0.1983507276,"4":0.1582896709,"5":0.1343563199,"6":0.1221121401,"7":0.1386623085,"8":0.1318262219,"9":0.0919572935,"10":0.113260068,"11":0.1148521751,"12":0.1386021674,"13":0.1435386539,"14":0.1391181052,"15":0.1337324381,"16":0.0873255283,"17":0.090237245,"18":0.1016094089,"19":0.0791637599,"20":0.1251223385,"21":0.1116681919,"22":0.0790065676,"23":0.0798635632,"24":0.1375790685,"25":0.0748838335,"26":0.0638191849,"27":0.0514190122,"28":0.0961490422,"29":0.0583282486,"30":0.0608747117,"31":0.1297902316,"32":0.0935539082,"33":0.1147597283,"34":0.0990675837,"35":0.1101259962,"36":0.101169005,"37":0.0846614465,"38":0.0809596628,"39":0.0851745754,"40":0.08194644,"41":0.0884227008,"42":0.1176133975,"43":0.0745796412,"44":0.0765428543,"45":0.0719998926,"46":0.0577667654,"47":0.1080823317,"48":0.0799883455,"49":0.0697830394},"accuracy":{"0":0.7621587515,"1":0.9097431302,"2":0.93904531,"3":0.9421938062,"4":0.9546176791,"5":0.9582351446,"6":0.9611641169,"7":0.9578598738,"8":0.9572517276,"9":0.9698524475,"10":0.9638735652,"11":0.9641601443,"12":0.9577029943,"13":0.9592843056,"14":0.9627383947,"15":0.9589804411,"16":0.9733804464,"17":0.9704122543,"18":0.9702379107,"19":0.9749509692,"20":0.9642993808,"21":0.9684656262,"22":0.9767946005,"23":0.9781996012,"24":0.9599960446,"25":0.9745152593,"26":0.9760020971,"27":0.980363369,"28":0.9730993509,"29":0.978402257,"30":0.9804998636,"31":0.9653987885,"32":0.974755466,"33":0.9679649472,"34":0.9725139737,"35":0.9687284231,"36":0.9711526632,"37":0.9780347943,"38":0.9759036303,"39":0.9752391577,"40":0.9755676389,"41":0.9738872647,"42":0.9681841731,"43":0.9802325964,"44":0.97802037,"45":0.9757038355,"46":0.9811006784,"47":0.9668957591,"48":0.9763630033,"49":0.9791728854},"val_loss":{"0":0.3226899207,"1":0.2103934288,"2":0.1623985767,"3":0.1211166605,"4":0.1213784441,"5":0.094321847,"6":0.0931359306,"7":0.092999585,"8":0.0845185518,"9":0.0856045708,"10":0.0907951519,"11":0.0971620008,"12":0.0889518484,"13":0.0812790468,"14":0.0754528642,"15":0.0865153968,"16":0.0811611935,"17":0.0760124475,"18":0.0695734695,"19":0.0726539195,"20":0.0829341635,"21":0.0712630898,"22":0.0615164861,"23":0.0726194307,"24":0.0783778653,"25":0.0784294009,"26":0.0762465447,"27":0.0639727265,"28":0.0632115453,"29":0.0794505402,"30":0.0618220605,"31":0.07410568,"32":0.060706269,"33":0.0648103803,"34":0.073105596,"35":0.0692767873,"36":0.0580695271,"37":0.0613811798,"38":0.0574579164,"39":0.0600521043,"40":0.0746132806,"41":0.0639378875,"42":0.077476792,"43":0.0713627115,"44":0.0588880554,"45":0.064412728,"46":0.0577821285,"47":0.0661385432,"48":0.0534696132,"49":0.0703704134},"val_accuracy":{"0":0.8999664783,"1":0.9270235896,"2":0.9435645342,"3":0.959418416,"4":0.9611471891,"5":0.969309032,"6":0.9674412608,"7":0.9713844061,"8":0.9717572331,"9":0.971049726,"10":0.9701008201,"11":0.965084374,"12":0.9735336304,"13":0.9729005694,"14":0.9756640792,"15":0.9756888151,"16":0.9719902277,"17":0.9739833474,"18":0.9775489569,"19":0.975820601,"20":0.9758791327,"21":0.9776512384,"22":0.9796414971,"23":0.9752110839,"24":0.974298656,"25":0.9746380448,"26":0.9762760997,"27":0.9785558581,"28":0.9796395302,"29":0.9717258811,"30":0.9786112905,"31":0.9782072306,"32":0.9812894464,"33":0.9799192548,"34":0.9764648676,"35":0.9813657403,"36":0.9803242087,"37":0.9809452891,"38":0.9813560247,"39":0.9814807773,"40":0.9759422541,"41":0.9784762263,"42":0.9806535244,"43":0.976672411,"44":0.982242167,"45":0.9764862061,"46":0.9819249511,"47":0.982752502,"48":0.9826136231,"49":0.9777619839}}