{"loss":{"0":0.4851427674,"1":0.2739309967,"2":0.2209400237,"3":0.1717343032,"4":0.1735413522,"5":0.1232430488,"6":0.1621154845,"7":0.162000984,"8":0.1315107644,"9":0.1568744183,"10":0.116567336},"accuracy":{"0":0.7781762481,"1":0.9027560949,"2":0.9278457761,"3":0.9367152452,"4":0.942073822,"5":0.9562615156,"6":0.9405456781,"7":0.94532758,"8":0.9531878233,"9":0.9452983737,"10":0.9544152021},"val_loss":{"0":0.2268800735,"1":0.1720864922,"2":0.1551004499,"3":0.1306413859,"4":0.1331944615,"5":0.1162812561,"6":0.1170575693,"7":0.1232113466,"8":0.1158782393,"9":0.1269681752,"10":0.103099443},"val_accuracy":{"0":0.9096441865,"1":0.9362642765,"2":0.9449299574,"3":0.9496123195,"4":0.9516617656,"5":0.9544401765,"6":0.9563468099,"7":0.95309937,"8":0.9553266764,"9":0.9578918815,"10":0.9608038068}}