{"loss":{"0":0.6831424832,"1":0.351152271,"2":0.2601398826,"3":0.2136093676,"4":0.20174101,"5":0.2044291198,"6":0.1823697686,"7":0.1317437142,"8":0.1712457836,"9":0.1379059702,"10":0.1575636715,"11":0.1388030201,"12":0.1705879569},"accuracy":{"0":0.772320509,"1":0.8889827728,"2":0.9192838669,"3":0.9310222864,"4":0.9339075089,"5":0.9328071475,"6":0.941476047,"7":0.9525963068,"8":0.9422734976,"9":0.9513828158,"10":0.9498298764,"11":0.9527890086,"12":0.9434402585},"val_loss":{"0":0.3421296775,"1":0.2578305602,"2":0.2234559506,"3":0.2026274651,"4":0.2087388486,"5":0.1759040207,"6":0.1746479422,"7":0.1919282377,"8":0.1851996481,"9":0.1631978154,"10":0.1607422829,"11":0.1501692086,"12":0.1479302049},"val_accuracy":{"0":0.8891592622,"1":0.9149713516,"2":0.9274948239,"3":0.9330556393,"4":0.9342842698,"5":0.9418510795,"6":0.9425472021,"7":0.9380367398,"8":0.9394029975,"9":0.9465714693,"10":0.9460920691,"11":0.9494250417,"12":0.9508934021}}