{"loss":{"0":3.3726432323,"1":0.7812851667,"2":0.5277147293,"3":0.4075565338,"4":0.3658961654,"5":0.3573331237,"6":0.302321434,"7":0.2856315374,"8":0.2964685261,"9":0.2557058036,"10":0.2655901313,"11":0.2501292229,"12":0.2110091448,"13":0.3046470284,"14":0.3124530315,"15":0.2409085482,"16":0.2519272566,"17":0.2361962795,"18":0.226042673,"19":0.2025359571,"20":0.2408763617,"21":0.185781762,"22":0.1348550022,"23":0.2413851321,"24":0.1787516624,"25":0.2038422376,"26":0.1733083576,"27":0.2312001288,"28":0.1998130381,"29":0.2139910907,"30":0.218347311,"31":0.1689233929,"32":0.1568297148,"33":0.1303776652,"34":0.1643765867,"35":0.2129083574,"36":0.1785330474,"37":0.1087815166,"38":0.1365513504,"39":0.0973673612,"40":0.1620033681,"41":0.1471912563,"42":0.1653216332,"43":0.1787061691,"44":0.1802388132,"45":0.1669165641,"46":0.1777492017,"47":0.1381342709,"48":0.1297075301,"49":0.152685076},"accuracy":{"0":0.5544300675,"1":0.7408674359,"2":0.8108542562,"3":0.824953258,"4":0.8322278857,"5":0.841150403,"6":0.8727372289,"7":0.8717958331,"8":0.8730896115,"9":0.8842388988,"10":0.8932210803,"11":0.8943594098,"12":0.9144182205,"13":0.8717508316,"14":0.8780754209,"15":0.8946606517,"16":0.9078661799,"17":0.9115034342,"18":0.9161413312,"19":0.9204298258,"20":0.9169192314,"21":0.9340230823,"22":0.9491480589,"23":0.914773941,"24":0.9258974791,"25":0.9260543585,"26":0.9411751628,"27":0.9261026382,"28":0.9441099167,"29":0.9296115637,"30":0.9297200441,"31":0.9474816322,"32":0.9488250613,"33":0.9571372867,"34":0.944929719,"35":0.935128808,"36":0.9375872612,"37":0.9622370005,"38":0.9588079453,"39":0.966774106,"40":0.9496132135,"41":0.9544603229,"42":0.9451265335,"43":0.9413309097,"44":0.9417030215,"45":0.9491113424,"46":0.9490536451,"47":0.9602035284,"48":0.9634020925,"49":0.9543162584},"val_loss":{"0":0.6801663041,"1":0.5362223387,"2":0.4313880503,"3":0.3731800914,"4":0.3634143174,"5":0.3164824545,"6":0.3090010881,"7":0.2690176964,"8":0.2660236061,"9":0.2641750574,"10":0.2974777818,"11":0.2240915745,"12":0.2096050531,"13":0.3422670364,"14":0.2673955262,"15":0.2305549085,"16":0.2174124569,"17":0.202045247,"18":0.2293557823,"19":0.2476272434,"20":0.1861583143,"21":0.1568892896,"22":0.1907449216,"23":0.1951233596,"24":0.1833500266,"25":0.1625051051,"26":0.1614322066,"27":0.1911161542,"28":0.1664375663,"29":0.1406693906,"30":0.1396794915,"31":0.1635147631,"32":0.1509366035,"33":0.1416385174,"34":0.1353369653,"35":0.2029672414,"36":0.1334247738,"37":0.1185477301,"38":0.1113494486,"39":0.1259453148,"40":0.1389773041,"41":0.1372016966,"42":0.1940836161,"43":0.1646240056,"44":0.1472906321,"45":0.1569059044,"46":0.1209764108,"47":0.1030594856,"48":0.1070273072,"49":0.1236101538},"val_accuracy":{"0":0.7613973022,"1":0.8174988627,"2":0.8334683776,"3":0.8286119699,"4":0.8156238198,"5":0.8747509718,"6":0.8464641571,"7":0.8693182468,"8":0.8730316162,"9":0.907807529,"10":0.8785450459,"11":0.9041492343,"12":0.9235573411,"13":0.8620617986,"14":0.8790000081,"15":0.9054666162,"16":0.9207261205,"17":0.9209308624,"18":0.9062129259,"19":0.9118492007,"20":0.9364901185,"21":0.9428380132,"22":0.9264076352,"23":0.9265835881,"24":0.927965939,"25":0.9418440461,"26":0.9374088645,"27":0.9373509288,"28":0.9361133575,"29":0.9535805583,"30":0.9512760639,"31":0.9425791502,"32":0.9442853332,"33":0.9525987506,"34":0.9553886652,"35":0.9241281748,"36":0.953549087,"37":0.9628245234,"38":0.9644423723,"39":0.9598323703,"40":0.9509421587,"41":0.9500535131,"42":0.9019040465,"43":0.9401717782,"44":0.9535527825,"45":0.9422876835,"46":0.9601565599,"47":0.9678230286,"48":0.9664268494,"49":0.9618137479}}