{"loss":{"0":0.4725306034,"1":0.3090404868,"2":0.2616541982,"3":0.1989212781,"4":0.191886723,"5":0.1669427454,"6":0.198592037,"7":0.1958263814,"8":0.1508324146,"9":0.171664238,"10":0.1573897898,"11":0.1522593796,"12":0.2033520043,"13":0.1264138371,"14":0.188881129,"15":0.1910838783,"16":0.134232983,"17":0.1522512734,"18":0.141419217},"accuracy":{"0":0.8163636923,"1":0.8967863321,"2":0.9145708084,"3":0.9292231798,"4":0.9355409741,"5":0.9393874407,"6":0.9278998375,"7":0.9331351519,"8":0.946729064,"9":0.9443198442,"10":0.940471828,"11":0.9487859607,"12":0.9345294833,"13":0.9589301348,"14":0.939992547,"15":0.9338855743,"16":0.9516483545,"17":0.9482477307,"18":0.9478767514},"val_loss":{"0":0.2542344332,"1":0.2394552678,"2":0.1949094087,"3":0.1721548438,"4":0.1927919239,"5":0.1604200155,"6":0.1586773396,"7":0.1478291601,"8":0.1399289966,"9":0.1472759247,"10":0.1434352845,"11":0.1359335929,"12":0.1411323249,"13":0.1272304803,"14":0.1402739882,"15":0.1308542192,"16":0.1243544295,"17":0.125989005,"18":0.1258543134},"val_accuracy":{"0":0.9101184607,"1":0.918520987,"2":0.9322744608,"3":0.9381477237,"4":0.9380633831,"5":0.9422195554,"6":0.9447662234,"7":0.94763273,"8":0.9504806995,"9":0.9513944983,"10":0.9452632666,"11":0.953163445,"12":0.9552608728,"13":0.955604136,"14":0.9493640661,"15":0.9544240832,"16":0.9561936259,"17":0.9566553831,"18":0.9553061128}}