{"loss":{"0":0.7349093556,"1":0.6800381541,"2":0.7223570943,"3":0.687733829,"4":0.6655060649,"5":0.6923515797,"6":0.6763852835,"7":0.6877014637,"8":0.6761080027,"9":0.6553065777,"10":0.6782808304,"11":0.6719961166,"12":0.6744252443,"13":0.6747991443,"14":0.6794018149,"15":0.6669465303,"16":0.6588858366,"17":0.6965036392,"18":0.6429083347,"19":0.6788856983,"20":0.6640370488,"21":0.6740140915,"22":0.6768494844,"23":0.688252151,"24":0.6855480671,"25":0.698754549,"26":0.6852104664,"27":0.6806045175,"28":0.6718182564,"29":0.6864944696,"30":0.6860352755,"31":0.6731704473,"32":0.6648005843,"33":0.663282752,"34":0.6822782755,"35":0.7125228047,"36":0.6801589727,"37":0.6560784578,"38":0.6708491445,"39":0.6581891775,"40":0.6576980948,"41":0.6659016609,"42":0.7006724477,"43":0.6660170555,"44":0.6842338443,"45":0.6594651341,"46":0.7125156522,"47":0.6722257733,"48":0.6725344062,"49":0.6709440947},"accuracy":{"0":0.569447577,"1":0.587588191,"2":0.5473719835,"3":0.5874062777,"4":0.6343637705,"5":0.5935265422,"6":0.6028912663,"7":0.5705649853,"8":0.6140591502,"9":0.6423882246,"10":0.5995679498,"11":0.6101051569,"12":0.6017566919,"13":0.6067076325,"14":0.5962206125,"15":0.6199223995,"16":0.6432802677,"17":0.5810016394,"18":0.6594837904,"19":0.6151873469,"20":0.6256977916,"21":0.607395649,"22":0.6117677689,"23":0.5915440321,"24":0.5657221675,"25":0.5140088797,"26":0.5826101303,"27":0.5899368525,"28":0.6179028749,"29":0.5828541517,"30":0.5720770955,"31":0.6047156453,"32":0.633599937,"33":0.6368092299,"34":0.5514413714,"35":0.4925191402,"36":0.5966050029,"37":0.6487454176,"38":0.6129649878,"39":0.632920146,"40":0.6400962472,"41":0.6416040063,"42":0.5627288818,"43":0.6366631389,"44":0.6081322432,"45":0.6509688497,"46":0.5863976479,"47":0.6197823286,"48":0.6106033921,"49":0.6134557724},"val_loss":{"0":85.6817321777,"1":0.722607851,"2":0.6945820451,"3":0.666349709,"4":0.628508091,"5":0.6362522244,"6":0.6428881288,"7":0.6660850048,"8":0.6496120095,"9":0.6330895424,"10":0.6396308541,"11":0.6309304833,"12":0.6317875385,"13":0.6549012661,"14":0.621435225,"15":0.6372743845,"16":0.6193827391,"17":0.6491946578,"18":0.6255193949,"19":0.6439757347,"20":0.6291916966,"21":0.6249296665,"22":0.6636292934,"23":0.674832046,"24":0.6275497675,"25":0.6979792118,"26":0.6268399358,"27":0.6473863721,"28":0.6585810184,"29":0.6522264481,"30":0.6465426087,"31":0.6240417361,"32":0.6526806355,"33":0.6209573746,"34":0.7449063659,"35":0.6526952386,"36":0.6490308642,"37":0.6207875609,"38":0.6372848153,"39":0.620701611,"40":0.6322838068,"41":0.6597529054,"42":0.6458328366,"43":0.6269314289,"44":0.6623837352,"45":0.6297981143,"46":0.660492599,"47":0.630548656,"48":0.6257492304,"49":0.6449689865},"val_accuracy":{"0":0.6513735652,"1":0.6900920868,"2":0.6900920868,"3":0.6762574315,"4":0.6803105474,"5":0.6793877482,"6":0.6900920868,"7":0.6780617833,"8":0.6786333919,"9":0.6801023483,"10":0.6900920868,"11":0.6900920868,"12":0.6900920868,"13":0.6900920868,"14":0.6900920868,"15":0.6900920868,"16":0.6900920868,"17":0.6802437901,"18":0.680234611,"19":0.6802434921,"20":0.6900920868,"21":0.6900920868,"22":0.6900920868,"23":0.6771504283,"24":0.6802437901,"25":0.3217163086,"26":0.6900920868,"27":0.680226028,"28":0.679268837,"29":0.6801974177,"30":0.6900920868,"31":0.6900920868,"32":0.6797170639,"33":0.6900920868,"34":0.3099079132,"35":0.6799599528,"36":0.6799122691,"37":0.6900920868,"38":0.6900920868,"39":0.6900920868,"40":0.6900920868,"41":0.6796948314,"42":0.6802492142,"43":0.6802428365,"44":0.6801096797,"45":0.6900920868,"46":0.6797224879,"47":0.6900920868,"48":0.6900920868,"49":0.6900920868}}