{"loss":{"0":0.5932573676,"1":0.3137626052,"2":0.2336192429,"3":0.2426118404,"4":0.2102409899,"5":0.1661083251,"6":0.1470431983,"7":0.1641130149,"8":0.1636663824,"9":0.0921193808,"10":0.1300817132,"11":0.1234205142,"12":0.14323017,"13":0.1747492701,"14":0.1508695334},"accuracy":{"0":0.8076402545,"1":0.9110944867,"2":0.9365561604,"3":0.9303409457,"4":0.9442516565,"5":0.9534395337,"6":0.9594455957,"7":0.9520046115,"8":0.9477884173,"9":0.9715259671,"10":0.9632072449,"11":0.9667728543,"12":0.9596471786,"13":0.9472096562,"14":0.9567533731},"val_loss":{"0":0.5562204123,"1":0.204152301,"2":0.2165820897,"3":0.1677917242,"4":0.1683999449,"5":0.1131460071,"6":0.1047381535,"7":0.0846104398,"8":0.0978838652,"9":0.0667132884,"10":0.0648869723,"11":0.0627107397,"12":0.0875752717,"13":0.1141034067,"14":0.0610379577},"val_accuracy":{"0":0.9025180936,"1":0.9647293091,"2":0.9686262608,"3":0.9691176414,"4":0.9691580534,"5":0.9739149213,"6":0.9762792587,"7":0.9784784913,"8":0.9704653025,"9":0.9809696078,"10":0.9808894992,"11":0.9809573293,"12":0.9748570323,"13":0.9717174172,"14":0.9817836881}}