{"loss":{"0":0.5955340862,"1":0.3865466416,"2":0.3120229244,"3":0.2940505743,"4":0.257971108,"5":0.2013265193,"6":0.1967376173,"7":0.2030179054,"8":0.206124112,"9":0.127038151,"10":0.1699031442,"11":0.1683982909,"12":0.1646837741,"13":0.2158649713,"14":0.1829400659,"15":0.1740275621,"16":0.12375395,"17":0.1575131416,"18":0.1409776211,"19":0.1125595346,"20":0.1490059644,"21":0.1520554572,"22":0.1229785532,"23":0.1234504953,"24":0.1593623161,"25":0.1050630063,"26":0.1090075001,"27":0.0885312706,"28":0.1031412482,"29":0.0919303969,"30":0.0799441263,"31":0.140724957,"32":0.1384658962,"33":0.1379403025,"34":0.1175156012,"35":0.1216704473,"36":0.1208271012,"37":0.1056997031,"38":0.1032350659,"39":0.1039223894,"40":0.1149300113,"41":0.0957001597,"42":0.1341058016,"43":0.0965368301,"44":0.1150586978,"45":0.0814254284,"46":0.0989796966,"47":0.1485451609,"48":0.1035601348,"49":0.086561814},"accuracy":{"0":0.7993446589,"1":0.9025050402,"2":0.9204410315,"3":0.9186403155,"4":0.9364538193,"5":0.9486638308,"6":0.9531049728,"7":0.9421566725,"8":0.9409505725,"9":0.964972496,"10":0.9517287016,"11":0.9533549547,"12":0.9553640485,"13":0.9304653406,"14":0.9513252378,"15":0.9437025785,"16":0.9621807933,"17":0.9500749707,"18":0.9553493261,"19":0.9659689069,"20":0.9555643201,"21":0.957197845,"22":0.9646581411,"23":0.969326973,"24":0.9531289935,"25":0.9698904753,"26":0.964184761,"27":0.9740154147,"28":0.9678286314,"29":0.969863534,"30":0.9765195847,"31":0.9593675733,"32":0.9621432424,"33":0.9595687985,"34":0.9640188217,"35":0.9682532549,"36":0.9612550735,"37":0.9739702344,"38":0.9704232216,"39":0.973643899,"40":0.9688150287,"41":0.9717105627,"42":0.9619024396,"43":0.9730110168,"44":0.9676961899,"45":0.9768546224,"46":0.9692291021,"47":0.9573545456,"48":0.9698274732,"49":0.9749206305},"val_loss":{"0":0.3656003177,"1":0.2101380527,"2":0.1798150986,"3":0.1578888595,"4":0.1571675092,"5":0.1369548589,"6":0.1149080545,"7":0.1028554216,"8":0.1150224656,"9":0.1050788164,"10":0.0939327404,"11":0.1004773378,"12":0.0968116298,"13":0.110078916,"14":0.1005602479,"15":0.090558812,"16":0.0807378143,"17":0.0783246458,"18":0.1008774191,"19":0.0783835799,"20":0.0971537009,"21":0.0777324215,"22":0.0760032758,"23":0.0738604143,"24":0.0792075843,"25":0.0750438347,"26":0.0736729726,"27":0.0683607534,"28":0.0810079351,"29":0.0791627392,"30":0.0683784559,"31":0.0779439136,"32":0.0679900944,"33":0.0725822598,"34":0.0698063076,"35":0.0667418092,"36":0.0767244324,"37":0.0714183897,"38":0.0627958104,"39":0.0664175004,"40":0.0628786236,"41":0.0601791032,"42":0.0690461248,"43":0.0668531358,"44":0.0707150772,"45":0.0611853674,"46":0.065398097,"47":0.0911469236,"48":0.0591476858,"49":0.0577594973},"val_accuracy":{"0":0.9082391858,"1":0.9484555125,"2":0.9570932388,"3":0.960683465,"4":0.9620664716,"5":0.9657108188,"6":0.9691193104,"7":0.9700726867,"8":0.9690145254,"9":0.971336782,"10":0.9705868363,"11":0.9717883468,"12":0.9730440974,"13":0.9721436501,"14":0.9719312787,"15":0.9755311012,"16":0.9761781693,"17":0.9767230153,"18":0.9701784253,"19":0.9771875143,"20":0.9759380221,"21":0.9778158665,"22":0.977725029,"23":0.9785294533,"24":0.9776338935,"25":0.9774281383,"26":0.9786618352,"27":0.9789869189,"28":0.9753106833,"29":0.9756845236,"30":0.9791330695,"31":0.9763483405,"32":0.9779506326,"33":0.9776815176,"34":0.9793624878,"35":0.9803510308,"36":0.9791090488,"37":0.9773691297,"38":0.9800953269,"39":0.9802879095,"40":0.9808160067,"41":0.9818099737,"42":0.9817492366,"43":0.9797295332,"44":0.9769538641,"45":0.9818002582,"46":0.9802620411,"47":0.9793635011,"48":0.9821534157,"49":0.9825903177}}