{"loss":{"0":1.1655031443,"1":1.1134812832,"2":1.0886911154,"3":1.0733560324,"4":1.0649687052,"5":1.0513820648,"6":1.0403333902,"7":1.0359207392,"8":1.0285674334,"9":1.0121928453,"10":1.0079604387,"11":0.9959744215,"12":0.9851626158,"13":0.9919910431,"14":0.9755794406,"15":0.9744621515,"16":0.9614311457,"17":0.9611366391,"18":0.9558998942,"19":0.9541678429,"20":0.9646264911,"21":0.9443522692,"22":0.933582902,"23":0.924343586,"24":0.9456565976,"25":0.9308360219,"26":0.9191581011,"27":0.8985874057,"28":0.9140494466,"29":0.9034539461,"30":0.9098723531,"31":0.9031791687,"32":0.8881150484,"33":0.9156850576,"34":0.9031108618,"35":0.8992156982,"36":0.8959165812,"37":0.8678590655,"38":0.8849346042,"39":0.8706544042,"40":0.8728145361,"41":0.8745878935,"42":0.8619473577,"43":0.8709812164,"44":0.8633583784,"45":0.8671243787,"46":0.8660138249,"47":0.8641914129,"48":0.8535729647,"49":0.8358429074},"accuracy":{"0":0.4984380603,"1":0.5816550255,"2":0.5452719331,"3":0.5721330643,"4":0.5662945509,"5":0.5504345894,"6":0.5889745355,"7":0.5315247774,"8":0.5577493906,"9":0.5714544654,"10":0.589225173,"11":0.5817283392,"12":0.597130537,"13":0.5623977184,"14":0.5961226821,"15":0.5578689575,"16":0.602410078,"17":0.5940396786,"18":0.560695827,"19":0.5466150045,"20":0.5041702986,"21":0.5759769678,"22":0.5786247253,"23":0.572799921,"24":0.5360078216,"25":0.5642994046,"26":0.5830833316,"27":0.6072846651,"28":0.5671445727,"29":0.5506367087,"30":0.5487799644,"31":0.5608856678,"32":0.5856938362,"33":0.5504646897,"34":0.5742965937,"35":0.5409129262,"36":0.5932334661,"37":0.5798935294,"38":0.5592338443,"39":0.5834007263,"40":0.5937820673,"41":0.5635215044,"42":0.5758619905,"43":0.5669943094,"44":0.5784031153,"45":0.5461124182,"46":0.55257833,"47":0.5783378482,"48":0.5665254593,"49":0.5927166939},"val_loss":{"0":1.1702116728,"1":1.092212081,"2":1.0759629011,"3":1.0638668537,"4":1.0534274578,"5":1.0418413877,"6":1.0311187506,"7":1.0225281715,"8":1.0149548054,"9":1.0072183609,"10":1.0002014637,"11":0.9920781255,"12":0.9842938781,"13":0.9780126214,"14":0.9706010818,"15":0.9643451571,"16":0.9592286348,"17":0.9534025192,"18":0.9482707381,"19":0.9436909556,"20":0.9386314154,"21":0.9334800243,"22":0.9277951121,"23":0.9221689105,"24":0.9187825322,"25":0.9156258106,"26":0.9115861654,"27":0.9064462781,"28":0.902799964,"29":0.8997825384,"30":0.8956449628,"31":0.8924001455,"32":0.8899347186,"33":0.8874450922,"34":0.8852739334,"35":0.883115828,"36":0.8803585172,"37":0.8759228587,"38":0.872685492,"39":0.8713454008,"40":0.868289113,"41":0.8658636212,"42":0.8636655211,"43":0.8611837626,"44":0.8587220907,"45":0.8570897579,"46":0.854873836,"47":0.8538876772,"48":0.8514854908,"49":0.849049747},"val_accuracy":{"0":0.5999849439,"1":0.6028720737,"2":0.6030833125,"3":0.6027876735,"4":0.6028149724,"5":0.6049491167,"6":0.6072741151,"7":0.6072332263,"8":0.6065800786,"9":0.6067422628,"10":0.60625875,"11":0.6071147919,"12":0.6075658798,"13":0.6075102091,"14":0.6085935831,"15":0.6083435416,"16":0.6110588908,"17":0.6126332879,"18":0.611353159,"19":0.6089094877,"20":0.6095479727,"21":0.6100209355,"22":0.6108611822,"23":0.6125702858,"24":0.6137243509,"25":0.6123660803,"26":0.6129128337,"27":0.61324054,"28":0.6114851236,"29":0.6114767194,"30":0.6129140258,"31":0.6131694913,"32":0.6124489307,"33":0.6113312244,"34":0.6101827025,"35":0.6110951304,"36":0.6125060916,"37":0.6146758795,"38":0.6147072315,"39":0.6131580472,"40":0.6132789254,"41":0.6125277877,"42":0.6110997796,"43":0.6106214523,"44":0.611956954,"45":0.6123415828,"46":0.613695085,"47":0.6092083454,"48":0.6109353304,"49":0.6121454239}}