{"loss":{"0":1.1380865574,"1":1.0967086554,"2":1.0815322399,"3":1.0680396557,"4":1.0601761341,"5":1.0482347012,"6":1.0368491411,"7":1.0324211121,"8":1.0257478952,"9":1.0091491938,"10":1.0049202442,"11":0.9939781427,"12":0.9844040871,"13":0.9902669787,"14":0.9745913744,"15":0.9734066725,"16":0.9604232907,"17":0.9595578313,"18":0.9545012712,"19":0.9528700113,"20":0.9641768336,"21":0.9439888,"22":0.9324873686,"23":0.9249087572,"24":0.9456914663,"25":0.931769073,"26":0.918165803,"27":0.898691833,"28":0.9144119024,"29":0.9028148651,"30":0.9094139934,"31":0.9027231336,"32":0.8893521428,"33":0.9143915176,"34":0.9032467604,"35":0.8985892534,"36":0.8956792951,"37":0.8672426939,"38":0.8846370578,"39":0.8705016971,"40":0.8718335032,"41":0.873573482,"42":0.8595260382,"43":0.8697376251,"44":0.8623892665,"45":0.8655061722,"46":0.8640111089,"47":0.8649531603,"48":0.8542429805,"49":0.8355927467},"accuracy":{"0":0.1928695142,"1":0.583897531,"2":0.5490450859,"3":0.5720114112,"4":0.5709967017,"5":0.5530243516,"6":0.594375968,"7":0.5359218121,"8":0.560837388,"9":0.5731139779,"10":0.591448009,"11":0.583689034,"12":0.5972406268,"13":0.564086616,"14":0.5945535898,"15":0.5590564013,"16":0.6064935923,"17":0.5973088741,"18":0.5634073019,"19":0.5482564569,"20":0.5060659647,"21":0.5772845149,"22":0.5826151967,"23":0.575740099,"24":0.5379713774,"25":0.5628871918,"26":0.5862184763,"27":0.6080912352,"28":0.565936923,"29":0.5526900887,"30":0.5517301559,"31":0.5613372922,"32":0.5849928856,"33":0.5539274216,"34":0.5738457441,"35":0.5444493294,"36":0.5970686674,"37":0.5806551576,"38":0.5591499805,"39":0.5841580033,"40":0.596185267,"41":0.5649625063,"42":0.5810258985,"43":0.5709103346,"44":0.5806586146,"45":0.5506384969,"46":0.5532026291,"47":0.5803698301,"48":0.5678610206,"49":0.5945957303},"val_loss":{"0":1.092762351,"1":1.0826964378,"2":1.0726691484,"3":1.0616586208,"4":1.0513215065,"5":1.040602088,"6":1.0297007561,"7":1.0217342377,"8":1.0131964684,"9":1.0058361292,"10":0.9976589084,"11":0.9901949763,"12":0.9830421209,"13":0.9782863259,"14":0.9708172679,"15":0.9648318887,"16":0.9570227861,"17":0.9508903027,"18":0.9464613199,"19":0.9423626065,"20":0.9378435016,"21":0.9344886541,"22":0.9290491939,"23":0.9230912924,"24":0.91984725,"25":0.9179528952,"26":0.9133272767,"27":0.9084712863,"28":0.9033362865,"29":0.9006439447,"30":0.8968860507,"31":0.892432332,"32":0.8893100619,"33":0.8864750266,"34":0.8848566413,"35":0.8826951981,"36":0.8809778094,"37":0.8767421842,"38":0.8736185431,"39":0.8706696033,"40":0.8674555421,"41":0.8653737903,"42":0.8641340137,"43":0.8615606427,"44":0.8588168621,"45":0.8562020063,"46":0.8544782996,"47":0.8540577292,"48":0.8532945514,"49":0.8518733978},"val_accuracy":{"0":0.3497972786,"1":0.6142110825,"2":0.6145989299,"3":0.613853097,"4":0.6103845835,"5":0.6111529469,"6":0.6146088243,"7":0.6132887006,"8":0.6119808555,"9":0.6119425893,"10":0.6114682555,"11":0.6118890047,"12":0.6120412946,"13":0.6119924784,"14":0.612470746,"15":0.6123737693,"16":0.6128291488,"17":0.6149602532,"18":0.6125818491,"19":0.6120288968,"20":0.612280488,"21":0.6123643517,"22":0.6124827862,"23":0.61492908,"24":0.6152480841,"25":0.6126090288,"26":0.6131405234,"27":0.6142660379,"28":0.6129232645,"29":0.6124848723,"30":0.6130769849,"31":0.6152693033,"32":0.6134046912,"33":0.6126381159,"34":0.6128209829,"35":0.6126005054,"36":0.6126511693,"37":0.6149535775,"38":0.6156336665,"39":0.6156468987,"40":0.6157512069,"41":0.6158099771,"42":0.6137840748,"43":0.6136158705,"44":0.6136854291,"45":0.614041388,"46":0.6155045033,"47":0.6133110523,"48":0.6131971478,"49":0.6132430434}}