{"loss":{"0":0.4818623066,"1":0.35208413,"2":0.3126735091,"3":0.2245477736,"4":0.212758258,"5":0.1729598343,"6":0.1077430025,"7":0.1113984138,"8":0.1044997945,"9":0.1128624901,"10":0.0917946994,"11":0.0999564976,"12":0.1005576849,"13":0.0935829356,"14":0.0630896538,"15":0.0701201335,"16":0.1034733653,"17":0.0823566094,"18":0.1932517588,"19":0.0847232863},"accuracy":{"0":0.8041729927,"1":0.8329154849,"2":0.8542394638,"3":0.9227779508,"4":0.9377935529,"5":0.950044632,"6":0.9680467844,"7":0.9713466763,"8":0.9692882299,"9":0.9691118002,"10":0.9769810438,"11":0.9795143008,"12":0.9760240316,"13":0.9782845378,"14":0.9852821231,"15":0.9830080271,"16":0.9808803797,"17":0.9810672998,"18":0.9394901395,"19":0.9794829488},"val_loss":{"0":0.2678107619,"1":0.2352444977,"2":0.2185894251,"3":0.150940612,"4":0.1132547185,"5":0.0869006291,"6":0.0778034553,"7":0.0780535266,"8":0.052651763,"9":0.0529854186,"10":0.0511372089,"11":0.0643014386,"12":0.0812652931,"13":0.0436128713,"14":0.0333216041,"15":0.0273133814,"16":0.0384597592,"17":0.0379802473,"18":0.0514489412,"19":0.0608352907},"val_accuracy":{"0":0.8597931266,"1":0.8804600835,"2":0.8988133073,"3":0.9615901113,"4":0.9632008672,"5":0.9695032239,"6":0.9791077971,"7":0.9809627533,"8":0.9833196998,"9":0.9825088382,"10":0.9864621162,"11":0.9880552888,"12":0.983110249,"13":0.9914795756,"14":0.9929569364,"15":0.9926211834,"16":0.9921293259,"17":0.9925228953,"18":0.9838344455,"19":0.9783759713}}