{"loss":{"0":0.9231475592,"1":0.7114431858,"2":0.398378849,"3":0.3318016827,"4":0.2100705355,"5":0.1726392806,"6":0.1553614438,"7":0.1496036798,"8":0.1349748075,"9":0.082275562,"10":0.1070837379,"11":0.0983086005,"12":0.1199018955,"13":0.1287976503,"14":0.1313798875,"15":0.1145443916,"16":0.076409176,"17":0.0773948804,"18":0.0830927342,"19":0.0623885207,"20":0.1082952023,"21":0.0982095003,"22":0.0685173199,"23":0.072965689,"24":0.118413806,"25":0.0537544079,"26":0.0318384692,"27":0.0341043919,"28":0.0683597177,"29":0.0385272279,"30":0.0453243256,"31":0.1061178595,"32":0.0825742558,"33":0.0865767151,"34":0.0815187246,"35":0.0836603865,"36":0.0782286972,"37":0.0783581138,"38":0.065797396,"39":0.0728569403,"40":0.0576733537,"41":0.0691728964,"42":0.0978378356,"43":0.0607390925,"44":0.0536906049,"45":0.0448577218,"46":0.0389249511,"47":0.0768022761,"48":0.0622840412,"49":0.0498719104},"accuracy":{"0":0.525015533,"1":0.5753082037,"2":0.8950867653,"3":0.9040079117,"4":0.9284465909,"5":0.9330898523,"6":0.9396974444,"7":0.9621207118,"8":0.9619747996,"9":0.9765523672,"10":0.9691764712,"11":0.9721034765,"12":0.9672139883,"13":0.9685910344,"14":0.9676755071,"15":0.9686765671,"16":0.9785858393,"17":0.9770030975,"18":0.9777444601,"19":0.9822455645,"20":0.9719781876,"21":0.9750435948,"22":0.9818986654,"23":0.9821928144,"24":0.9683870077,"25":0.9838849902,"26":0.9895380139,"27":0.9889420271,"28":0.980814755,"29":0.9872325063,"30":0.9876025915,"31":0.9731522799,"32":0.9793160558,"33":0.9751369357,"34":0.9767665863,"35":0.9757741094,"36":0.9786311984,"37":0.9833860397,"38":0.9832761884,"39":0.98132658,"40":0.9849492311,"41":0.9799291492,"42":0.9754991531,"43":0.9864385724,"44":0.9859002829,"45":0.9877144098,"46":0.9887807965,"47":0.9771007299,"48":0.9821556807,"49":0.9867189527},"val_loss":{"0":0.8044089079,"1":0.496543169,"2":0.2994112074,"3":0.184370175,"4":0.1687753797,"5":0.1343537867,"6":0.1208562329,"7":0.0973901153,"8":0.0899004862,"9":0.0730321705,"10":0.0764252022,"11":0.0696621686,"12":0.0712500289,"13":0.0756979212,"14":0.0673057511,"15":0.0751881823,"16":0.0647284165,"17":0.0574860312,"18":0.061616607,"19":0.0533171594,"20":0.0750220045,"21":0.062256325,"22":0.0649155676,"23":0.0552751757,"24":0.0717004985,"25":0.0484332927,"26":0.0472243465,"27":0.0466371179,"28":0.0497618541,"29":0.0484809279,"30":0.044681251,"31":0.0665543005,"32":0.0597122759,"33":0.0534481928,"34":0.0494590737,"35":0.058107581,"36":0.0434691906,"37":0.0559213534,"38":0.0427982584,"39":0.0416270606,"40":0.042114988,"41":0.046133548,"42":0.0740638003,"43":0.0467599966,"44":0.0450274982,"45":0.0383783393,"46":0.0359373465,"47":0.0505025908,"48":0.0348116346,"49":0.0372560211},"val_accuracy":{"0":0.592556417,"1":0.8155033588,"2":0.9090652466,"3":0.9284382463,"4":0.9293015003,"5":0.9374825954,"6":0.9691333175,"7":0.9752092957,"8":0.9733331203,"9":0.9784275889,"10":0.9782403708,"11":0.9791936278,"12":0.9797932506,"13":0.9780262113,"14":0.9812749624,"15":0.9789742231,"16":0.9802384377,"17":0.9811925888,"18":0.9834211469,"19":0.9848139882,"20":0.9829462171,"21":0.9828542471,"22":0.9821213484,"23":0.9841306806,"24":0.9789199829,"25":0.9845467806,"26":0.9861056209,"27":0.9862389565,"28":0.9853128195,"29":0.984570682,"30":0.9870656133,"31":0.9768372774,"32":0.9844264388,"33":0.9848083258,"34":0.985077858,"35":0.9848491549,"36":0.9877030849,"37":0.9851139188,"38":0.9881808162,"39":0.988389492,"40":0.987791419,"41":0.9860591292,"42":0.9845626354,"43":0.9860594273,"44":0.9873601794,"45":0.9880098701,"46":0.9890440106,"47":0.9884742498,"48":0.9896996021,"49":0.9886955023}}