{"loss":{"0":0.4065054357,"1":0.2495061457,"2":0.1838989556,"3":0.1394191235,"4":0.1259530187,"5":0.1447060108,"6":0.1019182354,"7":0.1418113858,"8":0.1399998218,"9":0.1370624751,"10":0.1491557807,"11":0.1446945369},"accuracy":{"0":0.8210664988,"1":0.913764596,"2":0.9368521571,"3":0.9513700604,"4":0.951667428,"5":0.9481460452,"6":0.9617776871,"7":0.952264607,"8":0.9524604678,"9":0.9527336359,"10":0.9506425858,"11":0.952390492},"val_loss":{"0":0.2634005845,"1":0.197569415,"2":0.1591470689,"3":0.1591168195,"4":0.140008986,"5":0.1301038861,"6":0.1331177801,"7":0.1291152686,"8":0.1208069548,"9":0.1136046499,"10":0.1174007878,"11":0.1128528714},"val_accuracy":{"0":0.899738133,"1":0.9327522516,"2":0.9461433291,"3":0.9454024434,"4":0.9526680708,"5":0.9554402232,"6":0.9550002217,"7":0.9562734962,"8":0.9585313797,"9":0.9606695771,"10":0.959348619,"11":0.9623319507}}