{"loss":{"0":0.9305135012,"1":0.7803552151,"2":0.561619997,"3":0.4156565666,"4":0.2405264825,"5":0.2030211687,"6":0.185231179,"7":0.1722071469,"8":0.1655884683,"9":0.1117068753,"10":0.1222049966,"11":0.1017917022,"12":0.1286018789,"13":0.1317592412,"14":0.1259941459},"accuracy":{"0":0.5245538354,"1":0.5723150373,"2":0.6459677815,"3":0.8921384811,"4":0.9258115888,"5":0.9271367788,"6":0.9262886047,"7":0.9382312894,"8":0.935289979,"9":0.9712684751,"10":0.9669971466,"11":0.9714955091,"12":0.9643968344,"13":0.9693061113,"14":0.9695550203},"val_loss":{"0":0.8209161758,"1":0.6844548583,"2":0.428142637,"3":0.2374287993,"4":0.2044807523,"5":0.1741453707,"6":0.1450561732,"7":0.1337033808,"8":0.1236454472,"9":0.0981684029,"10":0.0839125142,"11":0.0762829036,"12":0.0767636746,"13":0.0713067129,"14":0.0738068745},"val_accuracy":{"0":0.5971918106,"1":0.60572052,"2":0.903888166,"3":0.922218442,"4":0.9291005731,"5":0.9303505421,"6":0.935239017,"7":0.940552175,"8":0.9550617337,"9":0.9722204208,"10":0.9760431051,"11":0.9775977135,"12":0.9797682762,"13":0.9786114097,"14":0.9805056453}}