{"loss":{"0":1.2845872641,"1":0.5233589411,"2":0.4344693124,"3":0.3434088826,"4":0.3716245294,"5":0.3363481462,"6":0.2769056261,"7":0.2559210658,"8":0.2359084338,"9":0.2859530747,"10":0.3772990406,"11":0.310613811,"12":0.3486770689,"13":0.33752352,"14":0.2747479081,"15":0.2540736496,"16":0.2445487082,"17":0.2212560177,"18":0.3148601651,"19":0.3119700551},"accuracy":{"0":0.7347260118,"1":0.7690376043,"2":0.7829249501,"3":0.8542417288,"4":0.8425946236,"5":0.8434290886,"6":0.8856934309,"7":0.9043220282,"8":0.9056267738,"9":0.886513412,"10":0.8195333481,"11":0.8689233661,"12":0.8411246538,"13":0.8426148295,"14":0.8816822767,"15":0.8987237811,"16":0.9158452153,"17":0.9251748919,"18":0.8781307936,"19":0.8765484095},"val_loss":{"0":0.6264922023,"1":0.3514347076,"2":0.3247541487,"3":0.2664299309,"4":0.3083020449,"5":0.2564190328,"6":0.1868094206,"7":0.2108161002,"8":0.1642803401,"9":0.3033299148,"10":0.2884891927,"11":0.2164838761,"12":0.3078273237,"13":0.2460286617,"14":0.2115341425,"15":0.188414678,"16":0.156687364,"17":0.1851664782,"18":0.2784023583,"19":0.2108317763},"val_accuracy":{"0":0.7994787097,"1":0.8481859565,"2":0.8694230914,"3":0.8885874748,"4":0.8410890698,"5":0.9066657424,"6":0.923532784,"7":0.9107897878,"8":0.9378679395,"9":0.8880825043,"10":0.8691983223,"11":0.9163500667,"12":0.8463338017,"13":0.8845995069,"14":0.9048609138,"15":0.9224619865,"16":0.9392988086,"17":0.9197707176,"18":0.8675849438,"19":0.9018976092}}