{"loss":{"0":0.4086628556,"1":0.2168486416,"2":0.194350332,"3":0.1997650117,"4":0.1763229072,"5":0.1339421123,"6":0.1067731604,"7":0.1379376948,"8":0.1287398785,"9":0.0726053119,"10":0.1061833128,"11":0.1005641446,"12":0.1146289706,"13":0.1384694874,"14":0.1137083769,"15":0.1174771413,"16":0.0772989541,"17":0.0860958695,"18":0.0896197408,"19":0.0634291917,"20":0.1005659252,"21":0.0892840549,"22":0.0626734272,"23":0.0794822723,"24":0.1050278693},"accuracy":{"0":0.8405157328,"1":0.9351440668,"2":0.9376890063,"3":0.9376559258,"4":0.9548854828,"5":0.9612118006,"6":0.9721859097,"7":0.9593966603,"8":0.958733201,"9":0.9785954356,"10":0.9693595767,"11":0.9737673998,"12":0.9685586095,"13":0.9574723244,"14":0.9685293436,"15":0.965380311,"16":0.9776161313,"17":0.9766973257,"18":0.9718581438,"19":0.9830724597,"20":0.9710933566,"21":0.9748497009,"22":0.9833502769,"23":0.979033649,"24":0.9702225924},"val_loss":{"0":0.4757506847,"1":0.3347792327,"2":0.2304852754,"3":0.1423192769,"4":0.0968814492,"5":0.0962836519,"6":0.0803169087,"7":0.0569717772,"8":0.0593085028,"9":0.0558007285,"10":0.0465114154,"11":0.0450230353,"12":0.0512149483,"13":0.0468402319,"14":0.0596066602,"15":0.0475056693,"16":0.0627862066,"17":0.0586522259,"18":0.0439364575,"19":0.0447963029,"20":0.0373285152,"21":0.0311660711,"22":0.032176435,"23":0.0382690132,"24":0.0491883457},"val_accuracy":{"0":0.9596443176,"1":0.9698039889,"2":0.9729527831,"3":0.9780536294,"4":0.9807577133,"5":0.9805271029,"6":0.9796082973,"7":0.9854192138,"8":0.9814149141,"9":0.9848141074,"10":0.9860722423,"11":0.986831367,"12":0.9864042997,"13":0.9867734909,"14":0.9854816794,"15":0.9855277538,"16":0.9833530784,"17":0.9827789068,"18":0.9875779152,"19":0.9874505997,"20":0.9899732471,"21":0.9908627868,"22":0.991014719,"23":0.9898934364,"24":0.9904058576}}