{"loss":{"0":0.0086019421,"1":0.0073029287,"2":0.0052716094,"3":0.0044293329,"4":0.0044729086,"5":0.0037181347,"6":0.003828703,"7":0.0040598488,"8":0.0045895292,"9":0.0044708559,"10":0.0039456342,"11":0.0035587023,"12":0.0060458994,"13":0.0050764764,"14":0.0059129107,"15":0.0050805388,"16":0.0041653691,"17":0.0046844645,"18":0.0044041406,"19":0.0043461942},"accuracy":{"0":0.9970068932,"1":0.997344017,"2":0.9980249405,"3":0.9983593225,"4":0.9983263016,"5":0.9985702634,"6":0.9985584021,"7":0.9985159039,"8":0.9983371496,"9":0.9984496832,"10":0.9984779358,"11":0.9986909628,"12":0.9978935122,"13":0.9982197881,"14":0.9977844954,"15":0.9982281923,"16":0.9984277487,"17":0.998360157,"18":0.9983562231,"19":0.9985315204},"dice_metric":{"0":0.9963387251,"1":0.9963012934,"2":0.997819066,"3":0.9977905154,"4":0.9979276657,"5":0.9983264208,"6":0.998026073,"7":0.9981409311,"8":0.9979051352,"9":0.9981151819,"10":0.9981020689,"11":0.9983035922,"12":0.9975157976,"13":0.9976708293,"14":0.9972902536,"15":0.9973762631,"16":0.997900486,"17":0.9979836345,"18":0.997815907,"19":0.998067677},"val_loss":{"0":0.0059044226,"1":0.0053117555,"2":0.0060832314,"3":0.0042173616,"4":0.0043610288,"5":0.0047159097,"6":0.0040509971,"7":0.0040754587,"8":0.0040987595,"9":0.0038579823,"10":0.0036021741,"11":0.0068798671,"12":0.0048213676,"13":0.0058026914,"14":0.0043936893,"15":0.0042269863,"16":0.0054882742,"17":0.0043941094,"18":0.0036553156,"19":0.0038313877},"val_accuracy":{"0":0.9979146719,"1":0.9982178211,"2":0.9977678657,"3":0.998498261,"4":0.9984881282,"5":0.9984064698,"6":0.9985359907,"7":0.9986285567,"8":0.9985925555,"9":0.9986281395,"10":0.9987439513,"11":0.9979496598,"12":0.998398006,"13":0.998024106,"14":0.9983450174,"15":0.9984915257,"16":0.9982143044,"17":0.9983452559,"18":0.9987116456,"19":0.9986127615},"val_dice_metric":{"0":0.9973470569,"1":0.9979112744,"2":0.9974353909,"3":0.9980892539,"4":0.9980989695,"5":0.9980787039,"6":0.9982085228,"7":0.9982622266,"8":0.998284936,"9":0.9982762933,"10":0.9984385371,"11":0.9977945089,"12":0.9978786111,"13":0.9978376627,"14":0.9980669022,"15":0.998062551,"16":0.9979521036,"17":0.9981220365,"18":0.9982736111,"19":0.9982969761}}