{"loss":{"0":0.7137238979,"1":0.693284452,"2":0.6909210682,"3":0.6876320839,"4":0.6806060672,"5":0.6821351647,"6":0.6814280748,"7":0.6853191853,"8":0.6767178774,"9":0.6686886549,"10":0.6751769781,"11":0.6743167639,"12":0.673812151,"13":0.6722223163,"14":0.6761657596,"15":0.6663894653,"16":0.6584244967,"17":0.6789202094,"18":0.6509671807,"19":0.667142868,"20":0.6590300202,"21":0.669502914,"22":0.6660245061,"23":0.6749075651,"24":0.6669610739,"25":0.6817958355,"26":0.6740427613},"accuracy":{"0":0.4922508299,"1":0.6486501694,"2":0.5763429403,"3":0.5906795263,"4":0.6300133467,"5":0.5967704058,"6":0.5959839821,"7":0.571238935,"8":0.6176424026,"9":0.6435483694,"10":0.6051359177,"11":0.606020391,"12":0.6038704515,"13":0.6087067127,"14":0.595687449,"15":0.6234799623,"16":0.6464666128,"17":0.5841246843,"18":0.6637851596,"19":0.6147130728,"20":0.6322414279,"21":0.6107147932,"22":0.6158055663,"23":0.5945329666,"24":0.6113826036,"25":0.5721076727,"26":0.5920671821},"val_loss":{"0":0.6930268407,"1":0.6896559596,"2":0.68415308,"3":0.6794936657,"4":0.6755364537,"5":0.6719384789,"6":0.6650864482,"7":0.6630607247,"8":0.6627399921,"9":0.6593353152,"10":0.6588460207,"11":0.6532893777,"12":0.6515467167,"13":0.6501732469,"14":0.6480345726,"15":0.6466935873,"16":0.6450600028,"17":0.6443824172,"18":0.6432572007,"19":0.6402484775,"20":0.6401872039,"21":0.6361282468,"22":0.6355071664,"23":0.6389171481,"24":0.6378849745,"25":0.6375656724,"26":0.6397711635},"val_accuracy":{"0":0.6680008769,"1":0.6706259847,"2":0.6722275615,"3":0.6712363362,"4":0.6735375524,"5":0.6737921834,"6":0.681512177,"7":0.6828336716,"8":0.6781892776,"9":0.6799198985,"10":0.6764634252,"11":0.6843417287,"12":0.6864665151,"13":0.6862459183,"14":0.6893437505,"15":0.6881373525,"16":0.6881243587,"17":0.6873397827,"18":0.6860201955,"19":0.6888974309,"20":0.6869039536,"21":0.6897605062,"22":0.6898072362,"23":0.6859343648,"24":0.6881548762,"25":0.6884002686,"26":0.6860653758}}