{"loss":{"0":0.6231048107,"1":0.5066477656,"2":0.4850872457,"3":0.4862332344,"4":0.4623843729,"5":0.4611848295,"6":0.422641933,"7":0.4348422587,"8":0.4129810929,"9":0.4241212904,"10":0.4314890504,"11":0.4204323292,"12":0.4038277268,"13":0.3998108506,"14":0.4108764529,"15":0.4016177654,"16":0.3977692127,"17":0.3874610662,"18":0.3744637072,"19":0.3712185025,"20":0.3869033754,"21":0.3540486395,"22":0.3619995117,"23":0.3712937236,"24":0.3577976227,"25":0.3670260012,"26":0.3606402576,"27":0.3366724551,"28":0.3497752547,"29":0.3653812408,"30":0.3476448655,"31":0.3463337421,"32":0.3513070643,"33":0.3307482898,"34":0.3285971284,"35":0.3360089064,"36":0.3393248916,"37":0.3310986161,"38":0.3377435505,"39":0.3323782682,"40":0.3395201564,"41":0.3122029305,"42":0.3470389545,"43":0.3430579603,"44":0.3463200331,"45":0.3149842918,"46":0.3412845135,"47":0.332352072,"48":0.3356031477,"49":0.3170273304},"accuracy":{"0":0.6651588678,"1":0.7888065577,"2":0.7928287983,"3":0.7842074633,"4":0.8035955429,"5":0.7916645408,"6":0.8318887949,"7":0.8030465841,"8":0.8302667737,"9":0.8137859106,"10":0.8291158676,"11":0.8230406046,"12":0.8365215063,"13":0.8324697614,"14":0.8327578306,"15":0.8265867233,"16":0.8399149179,"17":0.8496177793,"18":0.8359479904,"19":0.8363582492,"20":0.8329994082,"21":0.8558248281,"22":0.8512331247,"23":0.8467000723,"24":0.8462864757,"25":0.8410929441,"26":0.8539434671,"27":0.8686648607,"28":0.8451672792,"29":0.8303207159,"30":0.8504188657,"31":0.8542798758,"32":0.8506887555,"33":0.8539835811,"34":0.862908721,"35":0.8467363119,"36":0.8656432033,"37":0.8526584506,"38":0.8530273438,"39":0.8527078629,"40":0.8571745157,"41":0.8593202829,"42":0.8479713202,"43":0.8446103334,"44":0.8502355814,"45":0.8479393125,"46":0.8459810019,"47":0.8515268564,"48":0.8474300504,"49":0.8624129295},"val_loss":{"0":0.9348074198,"1":0.9558535218,"2":0.7873113155,"3":1.4611862898,"4":1.3972736597,"5":0.9039179087,"6":1.0371873379,"7":0.8597685099,"8":1.0903301239,"9":0.6481881142,"10":1.184081912,"11":0.7353121638,"12":0.8848109841,"13":0.9519941807,"14":0.6346630454,"15":0.7490926385,"16":0.5091702938,"17":0.7866606712,"18":0.3818893731,"19":0.5248547792,"20":0.4740235507,"21":0.5436007977,"22":0.5363543034,"23":0.3659281731,"24":0.5334656239,"25":0.3172136843,"26":0.3219019175,"27":0.5907077789,"28":0.3327361941,"29":0.3493126929,"30":0.4845534563,"31":0.3768214881,"32":0.4553530514,"33":0.4182482064,"34":0.3195691109,"35":0.3823651969,"36":0.3743819296,"37":0.3857455254,"38":0.3124972284,"39":0.3244540691,"40":0.3862029612,"41":0.3065731823,"42":0.3203189969,"43":0.7432115674,"44":0.4340516627,"45":0.3279279172,"46":0.3749199212,"47":0.3029900491,"48":0.4384030402,"49":0.3396667242},"val_accuracy":{"0":0.6992644072,"1":0.7250957489,"2":0.7378820181,"3":0.566224575,"4":0.7310577631,"5":0.737852931,"6":0.7306144238,"7":0.7369218469,"8":0.7362521291,"9":0.7379226685,"10":0.7399584055,"11":0.7419315577,"12":0.7407532334,"13":0.739712894,"14":0.7565298676,"15":0.749355197,"16":0.7891694903,"17":0.7501844168,"18":0.8480687737,"19":0.7634606957,"20":0.7840340734,"21":0.7640763521,"22":0.7752073407,"23":0.8507168293,"24":0.7861571908,"25":0.8768367171,"26":0.8759955168,"27":0.7292762995,"28":0.8691205382,"29":0.8661657572,"30":0.7996698618,"31":0.8381516933,"32":0.8097456098,"33":0.8145078421,"34":0.8681123257,"35":0.8343660235,"36":0.8580644131,"37":0.8321348429,"38":0.8729463816,"39":0.8691104054,"40":0.838689208,"41":0.8810194135,"42":0.8772932291,"43":0.7718422413,"44":0.8272770047,"45":0.8645285368,"46":0.8498444557,"47":0.8755606413,"48":0.8146297336,"49":0.8588400483}}