{"loss":{"0":0.8985072374,"1":0.6169943213,"2":0.3908603787,"3":0.3578513265,"4":0.2694707811,"5":0.215030998,"6":0.2037426978,"7":0.193064183,"8":0.2163660079,"9":0.14434883,"10":0.1651323289,"11":0.1560825855,"12":0.1762373894,"13":0.2334760427,"14":0.1829819828,"15":0.1765168607,"16":0.1434865743,"17":0.1729349196,"18":0.1262284964,"19":0.0971184298,"20":0.1409217119,"21":0.1208810583,"22":0.0946222693,"23":0.0967159122,"24":0.1423272192,"25":0.0824020132,"26":0.0725859404,"27":0.062571466,"28":0.0758050159,"29":0.0577565953,"30":0.0554786623,"31":0.1234716997,"32":0.0970200896,"33":0.1088220701,"34":0.0864041895,"35":0.0942393392,"36":0.0926221684,"37":0.075613752,"38":0.0774647743,"39":0.0804232061,"40":0.0758859739,"41":0.0743705556,"42":0.1001575142,"43":0.0580964275,"44":0.076479733,"45":0.0560396127,"46":0.0635898709,"47":0.1160687953,"48":0.0725763142,"49":0.0610524639},"accuracy":{"0":0.6060417295,"1":0.8524820209,"2":0.9093078375,"3":0.9085022211,"4":0.9222712517,"5":0.9328354001,"6":0.9304457903,"7":0.9391217232,"8":0.9305012822,"9":0.9456169009,"10":0.9427968264,"11":0.9504582286,"12":0.9409633875,"13":0.9237961769,"14":0.9435043335,"15":0.939401269,"16":0.9488164783,"17":0.9427627325,"18":0.9629884958,"19":0.9734735489,"20":0.9619355202,"21":0.9692465663,"22":0.9742299318,"23":0.9781185985,"24":0.9639981985,"25":0.9783927798,"26":0.9795662165,"27":0.9823650122,"28":0.9778727293,"29":0.9830931425,"30":0.984972775,"31":0.9684138298,"32":0.9756342173,"33":0.9703931808,"34":0.9762366414,"35":0.976778388,"36":0.9733916521,"37":0.9826618433,"38":0.9802910089,"39":0.9801307917,"40":0.9811213613,"41":0.9803779721,"42":0.9742614627,"43":0.9850746393,"44":0.9820703268,"45":0.9852158427,"46":0.9827483892,"47":0.9700105786,"48":0.9788049459,"49":0.9845131636},"val_loss":{"0":0.8556058407,"1":0.6343883872,"2":0.4682095945,"3":0.3796454966,"4":0.321632266,"5":0.2356590629,"6":0.1977206171,"7":0.1790491641,"8":0.1850861162,"9":0.1679434031,"10":0.1361856461,"11":0.1165902019,"12":0.1260967255,"13":0.1409818083,"14":0.1282333881,"15":0.1459695101,"16":0.1376847178,"17":0.0861923993,"18":0.094020918,"19":0.0951778814,"20":0.1193031073,"21":0.0798421279,"22":0.0835942402,"23":0.0594643764,"24":0.072642304,"25":0.0641695037,"26":0.0583091304,"27":0.0557116643,"28":0.0618816391,"29":0.0563159063,"30":0.0550211109,"31":0.1208161935,"32":0.0560918748,"33":0.0524534993,"34":0.0529428013,"35":0.0486395098,"36":0.0490461364,"37":0.0468767174,"38":0.0439992435,"39":0.044902496,"40":0.0488892794,"41":0.0491806418,"42":0.0459776781,"43":0.048288364,"44":0.0513757393,"45":0.0404950008,"46":0.041187007,"47":0.0492611825,"48":0.05754105,"49":0.0396691635},"val_accuracy":{"0":0.6158867478,"1":0.8613283038,"2":0.9208030701,"3":0.9233573675,"4":0.9336611629,"5":0.9366244674,"6":0.9400815368,"7":0.9430764914,"8":0.9327474236,"9":0.9425773621,"10":0.946434021,"11":0.9488626719,"12":0.9469259977,"13":0.9445884228,"14":0.9470025301,"15":0.9394597411,"16":0.9459249973,"17":0.9749161005,"18":0.9744959474,"19":0.9721786976,"20":0.9738800526,"21":0.9794422984,"22":0.9784302711,"23":0.9826604724,"24":0.982997179,"25":0.9820322394,"26":0.983543694,"27":0.9838881493,"28":0.9823979735,"29":0.9836824536,"30":0.9837802052,"31":0.9748926163,"32":0.9840432405,"33":0.9849644303,"34":0.9855482578,"35":0.9866375327,"36":0.9859786034,"37":0.9871111512,"38":0.987559855,"39":0.9873242974,"40":0.9863316417,"41":0.9873924255,"42":0.9873707891,"43":0.9875489473,"44":0.9855832458,"45":0.9883377552,"46":0.9879863858,"47":0.9871317744,"48":0.9858986139,"49":0.9886780977}}