{"loss":{"0":0.649366498,"1":0.3503383696,"2":0.287859261,"3":0.3028299212,"4":0.2298889905,"5":0.1816485822,"6":0.1688866317,"7":0.1855819672,"8":0.1856553108,"9":0.1054274887,"10":0.1659215689,"11":0.1339656413,"12":0.137955755,"13":0.1883733869,"14":0.1522333026},"accuracy":{"0":0.7752338648,"1":0.8913723826,"2":0.9016536474,"3":0.8973773122,"4":0.9328258634,"5":0.9444046021,"6":0.9519220591,"7":0.9429084659,"8":0.9432676435,"9":0.9677612185,"10":0.9501708746,"11":0.9614933133,"12":0.9590644836,"13":0.9382775426,"14":0.9573799968},"val_loss":{"0":0.9937597513,"1":0.6323900223,"2":0.3324338198,"3":0.1742870808,"4":0.1708978415,"5":0.124572061,"6":0.1236605644,"7":0.0917616263,"8":0.1091660187,"9":0.0876722336,"10":0.0753466859,"11":0.0709516034,"12":0.0690237358,"13":0.0716905594,"14":0.0699927136},"val_accuracy":{"0":0.9076487422,"1":0.9259944558,"2":0.9308848977,"3":0.9677477479,"4":0.9657910466,"5":0.9728828669,"6":0.9683027267,"7":0.9735601544,"8":0.9696490169,"9":0.9743552208,"10":0.9784140587,"11":0.9778378606,"12":0.9814725518,"13":0.980232656,"14":0.977535069}}