{"loss":{"0":0.6790366173,"1":0.2989214063,"2":0.2323504686,"3":0.2423321456,"4":0.2636426091,"5":0.1971195936,"6":0.2497424632,"7":0.2208985984,"8":0.2234038413,"9":0.1862342954,"10":0.1680698395,"11":0.1514645219,"12":0.1861007512,"13":0.1524454504,"14":0.2156995088,"15":0.1670201123,"16":0.1813310534},"accuracy":{"0":0.7481434345,"1":0.8956387639,"2":0.9179172516,"3":0.9067651629,"4":0.9103162885,"5":0.9261522293,"6":0.9214510918,"7":0.922875762,"8":0.9228841662,"9":0.9311292768,"10":0.9345830679,"11":0.9398318529,"12":0.9328712225,"13":0.9411924481,"14":0.9253644943,"15":0.938115716,"16":0.9340354204},"val_loss":{"0":0.380083859,"1":0.2709926069,"2":0.2427106649,"3":0.2322901636,"4":0.2094276994,"5":0.1965051144,"6":0.2112999111,"7":0.1837436557,"8":0.1790151447,"9":0.175790444,"10":0.1707407087,"11":0.185305059,"12":0.1674935222,"13":0.1689499915,"14":0.1640367061,"15":0.1829579622,"16":0.1623406261},"val_accuracy":{"0":0.8659679294,"1":0.9079464674,"2":0.9146639705,"3":0.9185733795,"4":0.9258657694,"5":0.9308549762,"6":0.9266973734,"7":0.9343242049,"8":0.9345994592,"9":0.9366418719,"10":0.9394148588,"11":0.9349653125,"12":0.9392564297,"13":0.9397556782,"14":0.9407451153,"15":0.93402946,"16":0.9421654344}}