{"loss":{"0":123.0375595093,"1":0.8529790044,"2":0.8216882944,"3":0.8229182363,"4":0.8122794032,"5":0.8281061053,"6":0.8138712645,"7":0.7954388857,"8":0.7980998755,"9":0.7615019679,"10":0.795997858,"11":0.8053029776,"12":0.8218588829,"13":0.8339120746,"14":0.7860584259,"15":0.8175333142,"16":0.8106905818,"17":0.8170881271,"18":0.8214629292,"19":0.8562930226,"20":0.8272637129,"21":0.8305980563,"22":0.8111302257,"23":0.7757399678,"24":0.8472595215,"25":0.7887612581,"26":0.8464368582,"27":0.8414185643,"28":0.8299331665,"29":0.829351306,"30":0.8268869519,"31":0.7953492403,"32":0.8153946996,"33":0.7805031538,"34":0.8038301468,"35":0.792988956,"36":0.8684188724,"37":0.7932778597,"38":0.8635308146,"39":0.8271862864,"40":0.7770649791,"41":0.820122838,"42":0.8446095586,"43":0.8531381488,"44":0.8316624761,"45":0.7954813242,"46":0.8437989354,"47":0.8014594316,"48":0.8154683113,"49":0.866441071},"accuracy":{"0":0.5150631666,"1":0.4548217356,"2":0.5643424988,"3":0.5796823502,"4":0.5027018785,"5":0.5418640971,"6":0.6024368405,"7":0.5857942104,"8":0.5867100954,"9":0.5490735769,"10":0.5700159669,"11":0.5514659882,"12":0.5221367478,"13":0.5017008185,"14":0.5675417185,"15":0.5820866227,"16":0.5894836187,"17":0.5752919316,"18":0.5841676593,"19":0.5586111546,"20":0.5656677485,"21":0.5410011411,"22":0.5184521079,"23":0.5704585314,"24":0.578014493,"25":0.6056338549,"26":0.5546773672,"27":0.5762093067,"28":0.5511885285,"29":0.5679955482,"30":0.5771809816,"31":0.573225975,"32":0.5583141446,"33":0.6033030748,"34":0.5749035478,"35":0.5837706327,"36":0.559345603,"37":0.5501183867,"38":0.5707184672,"39":0.5216366053,"40":0.5828214884,"41":0.5616580844,"42":0.5782450438,"43":0.562128067,"44":0.5286346674,"45":0.5466681123,"46":0.4491258264,"47":0.5832855105,"48":0.5687456727,"49":0.5599470735},"val_loss":{"0":0.8082125783,"1":0.7991086245,"2":0.8147032261,"3":0.7974594235,"4":0.8026565313,"5":0.8012971282,"6":0.7986611724,"7":0.7975528836,"8":0.7926042676,"9":0.8171927929,"10":0.7935769558,"11":0.8148003817,"12":0.8038482666,"13":0.8093577623,"14":0.7947260737,"15":0.7909963727,"16":0.7908990383,"17":0.7908399105,"18":0.793838501,"19":0.7972307205,"20":0.8120209575,"21":0.8030653596,"22":0.7982993722,"23":0.7940559983,"24":0.7915655971,"25":0.7923772931,"26":0.8022326231,"27":0.7950922847,"28":0.8018968105,"29":0.7939682603,"30":0.795517087,"31":0.8041886687,"32":0.7948533893,"33":0.7909627557,"34":0.7978524566,"35":0.7914620042,"36":0.8009489775,"37":0.7950537801,"38":0.8082014918,"39":0.7925795913,"40":0.7935629487,"41":0.8100129962,"42":0.8036718965,"43":0.7927180529,"44":0.8069986701,"45":0.7952283621,"46":0.7987111807,"47":0.7912474275,"48":0.8218302131,"49":0.8260552883},"val_accuracy":{"0":0.5856520534,"1":0.5893526673,"2":0.5839337707,"3":0.5924645066,"4":0.5855156183,"5":0.5938060284,"6":0.6027594805,"7":0.5989077091,"8":0.6025506258,"9":0.5854355097,"10":0.6023990512,"11":0.5836417079,"12":0.5853242278,"13":0.5836009979,"14":0.6022359729,"15":0.6026647687,"16":0.6026788354,"17":0.6027929187,"18":0.6024700999,"19":0.6028602123,"20":0.5819003582,"21":0.592035532,"22":0.6020492315,"23":0.6026484966,"24":0.6028212309,"25":0.6027380228,"26":0.6018947959,"27":0.6028596759,"28":0.6021023393,"29":0.6024592519,"30":0.6026083827,"31":0.5968664885,"32":0.6026526093,"33":0.6030924916,"34":0.602506578,"35":0.6026898623,"36":0.6030384302,"37":0.6030922532,"38":0.6028084159,"39":0.602930069,"40":0.6029152274,"41":0.5904251933,"42":0.6026266813,"43":0.6025004983,"44":0.5935484171,"45":0.6026472449,"46":0.6021713614,"47":0.6029244065,"48":0.5787146091,"49":0.6031327844}}