{"loss":{"0":0.6091259718,"1":0.5387182236,"2":0.526889503,"3":0.5212231874,"4":0.5106524229,"5":0.500363946,"6":0.4835589528,"7":0.4831805825,"8":0.4747750759,"9":0.468408972,"10":0.4851945043,"11":0.4749817252,"12":0.4682382941,"13":0.463852942,"14":0.471262306,"15":0.4562098384,"16":0.4597534537,"17":0.4509066641,"18":0.4423441887,"19":0.4362928271,"20":0.4484652877,"21":0.4302682877,"22":0.4305800498,"23":0.4296832979,"24":0.4246221483,"25":0.4287537932,"26":0.4224758148,"27":0.4087100625,"28":0.4145575166,"29":0.419670254,"30":0.4101363122,"31":0.4091009498,"32":0.4142296314,"33":0.3941193223,"34":0.3896808922,"35":0.3977876008,"36":0.4008408487,"37":0.393142134,"38":0.4005755484,"39":0.390475601,"40":0.3985623717,"41":0.379848361,"42":0.4014749527,"43":0.3975888491,"44":0.3917728066,"45":0.3781405091,"46":0.3990746439,"47":0.3794078231,"48":0.3862570226,"49":0.3682091832},"accuracy":{"0":0.6909040213,"1":0.7853286266,"2":0.789000392,"3":0.7900958061,"4":0.8035051227,"5":0.8021684885,"6":0.8334915042,"7":0.8113190532,"8":0.8288635015,"9":0.8284083605,"10":0.8219717145,"11":0.8229779005,"12":0.8335357904,"13":0.8256731033,"14":0.8264678121,"15":0.8243621588,"16":0.8333307505,"17":0.844103992,"18":0.8242400885,"19":0.8288518786,"20":0.8182846308,"21":0.8417550921,"22":0.8382155299,"23":0.8403978348,"24":0.8347930908,"25":0.8319410086,"26":0.8464256525,"27":0.8570663333,"28":0.8363465071,"29":0.8236814737,"30":0.8402900696,"31":0.8441970944,"32":0.8394123316,"33":0.8481138349,"34":0.8600327373,"35":0.8394050598,"36":0.8574289083,"37":0.8442237973,"38":0.8423317075,"39":0.8468405604,"40":0.8500669599,"41":0.8487817645,"42":0.8388872147,"43":0.8380081058,"44":0.8479362726,"45":0.8406749964,"46":0.8363084793,"47":0.8513353467,"48":0.8417333364,"49":0.8622385263},"val_loss":{"0":0.8668515086,"1":0.7064608335,"2":0.6507623792,"3":0.7559211254,"4":0.5669035316,"5":0.596781373,"6":0.595038414,"7":0.594314754,"8":0.5792732835,"9":0.5806298852,"10":0.8600380421,"11":0.5614492297,"12":0.6594511271,"13":0.6732400656,"14":0.4649119973,"15":0.4366635382,"16":0.4460795224,"17":0.5788294673,"18":0.4997026622,"19":0.5134550333,"20":0.4149333239,"21":0.4369592369,"22":0.4181746542,"23":0.4424598813,"24":0.4251464307,"25":0.4001364112,"26":0.4072182775,"27":0.4611769617,"28":0.4018056691,"29":0.4078932703,"30":0.3854607642,"31":0.4050213397,"32":0.3822366297,"33":0.3783541918,"34":0.3825507164,"35":0.3754246235,"36":0.4401563108,"37":0.4475527704,"38":0.3610913754,"39":0.3600290716,"40":0.3945775032,"41":0.3623602986,"42":0.375095278,"43":0.3586197793,"44":0.373578608,"45":0.4173209071,"46":0.3763487041,"47":0.38044402,"48":0.4212964177,"49":0.4760873616},"val_accuracy":{"0":0.6779375672,"1":0.7094472647,"2":0.6964563131,"3":0.6556085944,"4":0.757009685,"5":0.7394954562,"6":0.7410090566,"7":0.7414201498,"8":0.7412286997,"9":0.7469817996,"10":0.7277422547,"11":0.7391142845,"12":0.6907453537,"13":0.7413330078,"14":0.8448190093,"15":0.8549591303,"16":0.8459376097,"17":0.7549722791,"18":0.7816705108,"19":0.7661156654,"20":0.8587975502,"21":0.8489768505,"22":0.8499442935,"23":0.831294179,"24":0.8537390232,"25":0.866371572,"26":0.8644979596,"27":0.8347761035,"28":0.861862421,"29":0.8496725559,"30":0.8630472422,"31":0.8545125723,"32":0.8712407947,"33":0.8676893711,"34":0.857994318,"35":0.8668761253,"36":0.8340513706,"37":0.8131511211,"38":0.8706175089,"39":0.8736371994,"40":0.8541700244,"41":0.8720561862,"42":0.8696123958,"43":0.8675976396,"44":0.8625684381,"45":0.8281771541,"46":0.8610267639,"47":0.8543726802,"48":0.8260564804,"49":0.8094858527}}