{"loss":{"0":0.5459250212,"1":0.2313179225,"2":0.1792637259,"3":0.1861562431,"4":0.1882304251,"5":0.1696709543,"6":0.222943157,"7":0.1891236752},"accuracy":{"0":0.7553139925,"1":0.9130479693,"2":0.9337118268,"3":0.9284790158,"4":0.9337280393,"5":0.9341497421,"6":0.9290494919,"7":0.9337579608},"val_loss":{"0":0.3274135292,"1":0.2350867242,"2":0.2171508819,"3":0.1947683543,"4":0.1929086745,"5":0.1647250652,"6":0.1788491607,"7":0.1640702784},"val_accuracy":{"0":0.8728875518,"1":0.9142769575,"2":0.9270046949,"3":0.9332520366,"4":0.9297685623,"5":0.9410346746,"6":0.9411838651,"7":0.9417071939}}