{"loss":{"0":0.7162615061,"1":0.6944362521,"2":0.6918071508,"3":0.6892830729,"4":0.6826407909,"5":0.6837422848,"6":0.6827911735,"7":0.6869871616,"8":0.6762468815,"9":0.6685028076,"10":0.6751727462,"11":0.6747096777,"12":0.6736012697,"13":0.6722671986,"14":0.6772565246,"15":0.6671169996,"16":0.6588556767,"17":0.6794110537,"18":0.6517121792,"19":0.6675351262,"20":0.6602308154,"21":0.6694005132,"22":0.6662784815,"23":0.675090909,"24":0.6674872041,"25":0.6824871898,"26":0.6746070385,"27":0.6734560132,"28":0.6611381769},"accuracy":{"0":0.5300867558,"1":0.6488001347,"2":0.5784370303,"3":0.5915185809,"4":0.6316870451,"5":0.5971904993,"6":0.5978631377,"7":0.5713538527,"8":0.618704915,"9":0.6440058947,"10":0.6055674553,"11":0.6079477072,"12":0.604650259,"13":0.6088639498,"14":0.5948636532,"15":0.6233568192,"16":0.6466565728,"17":0.583806932,"18":0.6627932787,"19":0.6146864891,"20":0.6316481233,"21":0.610927701,"22":0.6154874563,"23":0.5941728354,"24":0.6113284826,"25":0.5722324252,"26":0.5908206701,"27":0.5986030102,"28":0.6262524724},"val_loss":{"0":0.7080807686,"1":0.7009050846,"2":0.6915271282,"3":0.6856951118,"4":0.6779926419,"5":0.6741986871,"6":0.6673307419,"7":0.6646636128,"8":0.6652162075,"9":0.6618349552,"10":0.6600928307,"11":0.6539440751,"12":0.6516099572,"13":0.6495448351,"14":0.6474501491,"15":0.6456273198,"16":0.6434209943,"17":0.6432896256,"18":0.6436286569,"19":0.6396958232,"20":0.639749229,"21":0.6375237703,"22":0.6364155412,"23":0.6383805275,"24":0.6380445957,"25":0.6387352943,"26":0.6408291459,"27":0.6410838962,"28":0.6417452693},"val_accuracy":{"0":0.6746149063,"1":0.6728391647,"2":0.6723915935,"3":0.6710453033,"4":0.6753991246,"5":0.6751992106,"6":0.6818504333,"7":0.6834125519,"8":0.6775357127,"9":0.6788034439,"10":0.6779620051,"11":0.6839447021,"12":0.6867348552,"13":0.6876309514,"14":0.6895281672,"15":0.6887311935,"16":0.6885588765,"17":0.6882066727,"18":0.6867440343,"19":0.6891924739,"20":0.6883614659,"21":0.6890004277,"22":0.6895634532,"23":0.687371552,"24":0.6886590123,"25":0.6882616878,"26":0.686715126,"27":0.6864032745,"28":0.6854063869}}