{"loss":{"0":1.1520657539,"1":1.106290102,"2":1.088482976,"3":1.0703163147,"4":1.0620256662,"5":1.0504201651,"6":1.0365736485,"7":1.0319457054,"8":1.0247900486,"9":1.0089168549,"10":1.0038149357,"11":0.9937155843,"12":0.9868847728,"13":0.9902482033,"14":0.9755716324,"15":0.9741137624,"16":0.9614446759,"17":0.9587403536,"18":0.9522696733,"19":0.9501559138,"20":0.9626275301,"21":0.943136096,"22":0.9298565984,"23":0.9269559979,"24":0.9444961548,"25":0.9299123883,"26":0.9129997492,"27":0.8987989426,"28":0.9139028788,"29":0.9007482529,"30":0.9059141278,"31":0.9033058882,"32":0.8883602023,"33":0.9124156833,"34":0.9000037313,"35":0.8953183889,"36":0.8939588666,"37":0.8653056026,"38":0.8836873174,"39":0.8683721423,"40":0.868655026,"41":0.8721446991,"42":0.8562579155,"43":0.8671518564,"44":0.8588846922,"45":0.8599618673,"46":0.861328125,"47":0.8631831408,"48":0.8489297032,"49":0.8309742808},"accuracy":{"0":0.1335269958,"1":0.5827835798,"2":0.5511562228,"3":0.5737523437,"4":0.5701071024,"5":0.5323426723,"6":0.594859004,"7":0.5389562845,"8":0.5640490055,"9":0.5724161863,"10":0.5954076648,"11":0.5883658528,"12":0.5971229076,"13":0.5651248097,"14":0.5964713097,"15":0.5583964586,"16":0.605558753,"17":0.5977188349,"18":0.5691684484,"19":0.5558515191,"20":0.5118299723,"21":0.5798867941,"22":0.5869997144,"23":0.5738284588,"24":0.5371676683,"25":0.5676077604,"26":0.5890650749,"27":0.6088985205,"28":0.5692210793,"29":0.5570416451,"30":0.556321919,"31":0.5577561855,"32":0.586170733,"33":0.5584703684,"34":0.57939744,"35":0.5461684465,"36":0.5982385874,"37":0.5811126232,"38":0.5589159727,"39":0.5866700411,"40":0.5992242098,"41":0.5666962266,"42":0.5860916376,"43":0.57307899,"44":0.5832986236,"45":0.5545924902,"46":0.5567430258,"47":0.5878330469,"48":0.5729183555,"49":0.5967592597},"val_loss":{"0":1.0965667963,"1":1.0885585546,"2":1.0760983229,"3":1.0650137663,"4":1.0566036701,"5":1.0473662615,"6":1.0367033482,"7":1.0275648832,"8":1.018458128,"9":1.0084849596,"10":1.002474308,"11":0.9956946373,"12":0.9900357127,"13":0.98140347,"14":0.9736925364,"15":0.9641795754,"16":0.9578537941,"17":0.9516742826,"18":0.9459878802,"19":0.9436323643,"20":0.9406358004,"21":0.9348740578,"22":0.9281783104,"23":0.9231284857,"24":0.9217181802,"25":0.9210560918,"26":0.9153213501,"27":0.9090495706,"28":0.9045829773,"29":0.9010237455,"30":0.8957166076,"31":0.8919402361,"32":0.8906904459,"33":0.8860719204,"34":0.8837171793,"35":0.8797542453,"36":0.8764169812,"37":0.8724755049,"38":0.8705990911,"39":0.8688027859,"40":0.8652537465,"41":0.8623569608,"42":0.8611449003,"43":0.8588277102,"44":0.8581970334,"45":0.8554834127,"46":0.8523232937,"47":0.8531377912,"48":0.8499662876,"49":0.8490579128},"val_accuracy":{"0":0.6017187834,"1":0.5998675227,"2":0.6006557345,"3":0.6016229391,"4":0.6029023528,"5":0.6062185168,"6":0.6093551517,"7":0.6102954745,"8":0.6109713912,"9":0.6115285158,"10":0.6116994619,"11":0.6119692922,"12":0.6118920445,"13":0.6119664907,"14":0.6124738455,"15":0.6125509739,"16":0.6133993864,"17":0.6137539744,"18":0.6129486561,"19":0.6129785776,"20":0.6130618453,"21":0.6132777333,"22":0.6137112379,"23":0.6151288152,"24":0.614373982,"25":0.6131573915,"26":0.6141055822,"27":0.6138127446,"28":0.6140623093,"29":0.6139966846,"30":0.6142171621,"31":0.6156389117,"32":0.6140941978,"33":0.6138632298,"34":0.6139184833,"35":0.6145527363,"36":0.6140405536,"37":0.6153396964,"38":0.6156682968,"39":0.6157068014,"40":0.61612463,"41":0.6162974238,"42":0.6148893833,"43":0.6152049899,"44":0.6151525378,"45":0.6149762869,"46":0.6155455112,"47":0.6147795916,"48":0.6167373657,"49":0.616332233}}