{"loss":{"0":0.3518992364,"1":0.2501416802,"2":0.1684294343,"3":0.1306423992,"4":0.1148309112,"5":0.1408623904,"6":0.1002990231,"7":0.1423264146,"8":0.1369820535,"9":0.1273359209,"10":0.141380161,"11":0.1388678253},"accuracy":{"0":0.8541839719,"1":0.9115247726,"2":0.9443208575,"3":0.9541328549,"4":0.9581424594,"5":0.9526469111,"6":0.962852478,"7":0.9540527463,"8":0.956703186,"9":0.9563649297,"10":0.9553545713,"11":0.9565599561},"val_loss":{"0":0.2474044859,"1":0.1871063113,"2":0.1476787925,"3":0.1411404163,"4":0.1321439147,"5":0.1311719865,"6":0.1228680238,"7":0.1263463944,"8":0.1141003519,"9":0.1089900732,"10":0.105247438,"11":0.1084985882},"val_accuracy":{"0":0.9028958082,"1":0.934920013,"2":0.9489476681,"3":0.9537392259,"4":0.9561648965,"5":0.955452323,"6":0.9597885609,"7":0.9605758786,"8":0.962618947,"9":0.9641447663,"10":0.9646241069,"11":0.9648252726}}