{"loss":{"0":0.2390495837,"1":0.1346917003,"2":0.1059021503,"3":0.0977715477,"4":0.0617425554,"5":0.0698355138,"6":0.0613399744,"7":0.0667557344,"8":0.0608270876,"9":0.0622604117},"accuracy":{"0":0.903301537,"1":0.9615847468,"2":0.9691494703,"3":0.9721828699,"4":0.9813894033,"5":0.9804590344,"6":0.9828502536,"7":0.9814658165,"8":0.9819275737,"9":0.9816377759},"val_loss":{"0":0.1124498472,"1":0.0864305571,"2":0.0670535788,"3":0.0626516342,"4":0.0484940484,"5":0.0462241434,"6":0.0443256646,"7":0.0449509472,"8":0.0484621115,"9":0.0411045142},"val_accuracy":{"0":0.9658507109,"1":0.9774077535,"2":0.9817019701,"3":0.9832839966,"4":0.9846404195,"5":0.9856000543,"6":0.9865651727,"7":0.9861679077,"8":0.9867523909,"9":0.9877747297}}