{"loss":{"0":0.6288346052,"1":0.3733338118,"2":0.2425539196,"3":0.1961688995,"4":0.1758497506,"5":0.1193391681,"6":0.1068700701,"7":0.1247828454,"8":0.1256793588,"9":0.0725659728,"10":0.0944346413,"11":0.0888605937,"12":0.1034381017,"13":0.1285566837,"14":0.1112529263,"15":0.1002397537,"16":0.0619527921,"17":0.0815043002,"18":0.0686123818,"19":0.0539929345,"20":0.0980047211,"21":0.0795770139,"22":0.0599917285,"23":0.0684982464,"24":0.1093471423,"25":0.057497073,"26":0.038036488,"27":0.0328563191,"28":0.0523294695,"29":0.0346153304,"30":0.0336886272,"31":0.0902194604,"32":0.0712192804,"33":0.0777425617,"34":0.0636485144,"35":0.0877204761,"36":0.0790737271,"37":0.0681639388,"38":0.0627780035,"39":0.0650311857,"40":0.0633852482,"41":0.0528930053,"42":0.0857482105,"43":0.0484153777,"44":0.057525795,"45":0.0434405915,"46":0.0413634032,"47":0.0826106519,"48":0.0564027205,"49":0.0396105424},"accuracy":{"0":0.658557713,"1":0.900719285,"2":0.9372520447,"3":0.9394046068,"4":0.9525123835,"5":0.9647939801,"6":0.97162503,"7":0.9602786899,"8":0.9600561261,"9":0.977853775,"10":0.9723277092,"11":0.9762481451,"12":0.9695855379,"13":0.9594672918,"14":0.9696774483,"15":0.9685354233,"16":0.980845809,"17":0.9743646383,"18":0.9786050916,"19":0.9841998816,"20":0.9712423086,"21":0.9770767093,"22":0.9818524122,"23":0.9837619662,"24":0.9674717188,"25":0.984043479,"26":0.9883867502,"27":0.9896053076,"28":0.9834318161,"29":0.9894739389,"30":0.9904915094,"31":0.9760891199,"32":0.9820726514,"33":0.9772537947,"34":0.9812747836,"35":0.9791882634,"36":0.9766296148,"37":0.9834682345,"38":0.9832721949,"39":0.9841176867,"40":0.9829610586,"41":0.9839416742,"42":0.9774684906,"43":0.9869582057,"44":0.9864033461,"45":0.9879089594,"46":0.9885059595,"47":0.9777560234,"48":0.9827638865,"49":0.9894064069},"val_loss":{"0":0.6304224133,"1":0.5023920536,"2":0.3300088942,"3":0.2276525944,"4":0.1731594056,"5":0.120644711,"6":0.0931461751,"7":0.1113985777,"8":0.0981987417,"9":0.069474861,"10":0.0645371228,"11":0.07193809,"12":0.0721498206,"13":0.0775218308,"14":0.0537507124,"15":0.072414726,"16":0.047345832,"17":0.0493448265,"18":0.0504636317,"19":0.0437741876,"20":0.0503866859,"21":0.0429747477,"22":0.0396823399,"23":0.0429646447,"24":0.0447412357,"25":0.0433596857,"26":0.0374555327,"27":0.0358419493,"28":0.0448947512,"29":0.0346694812,"30":0.0353063233,"31":0.0385358036,"32":0.0347846411,"33":0.0324162766,"34":0.047537908,"35":0.0373612456,"36":0.0477974713,"37":0.0366764329,"38":0.0318832844,"39":0.0385682732,"40":0.0334227979,"41":0.0369729064,"42":0.0351072438,"43":0.042303551,"44":0.0487321094,"45":0.0329584852,"46":0.0334646553,"47":0.0571433678,"48":0.0382448137,"49":0.0316561051},"val_accuracy":{"0":0.5305863023,"1":0.8204250932,"2":0.948656261,"3":0.9646937251,"4":0.9647046924,"5":0.974306047,"6":0.9749615788,"7":0.9725091457,"8":0.9767377973,"9":0.9805727005,"10":0.9824731946,"11":0.9794645309,"12":0.98003757,"13":0.9780209661,"14":0.9851084352,"15":0.9766571522,"16":0.9857557416,"17":0.9852472544,"18":0.9863744378,"19":0.9864045978,"20":0.9868322015,"21":0.9870051742,"22":0.9880102277,"23":0.9863351583,"24":0.9871827364,"25":0.9876170754,"26":0.9883173108,"27":0.9886736274,"28":0.9855142832,"29":0.9895087481,"30":0.9888777733,"31":0.9889187217,"32":0.9902576804,"33":0.9899253845,"34":0.9870366454,"35":0.9900084734,"36":0.9880777597,"37":0.9891012311,"38":0.9901705384,"39":0.9900220633,"40":0.9902506471,"41":0.9899343252,"42":0.9902051091,"43":0.9884511828,"44":0.9865934253,"45":0.9909204245,"46":0.9905059338,"47":0.9819529653,"48":0.9908975363,"49":0.9915444851}}