{"loss":{"0":0.5357190371,"1":0.2699224651,"2":0.1541246623,"3":0.1673276126,"4":0.1453675032,"5":0.1230729818,"6":0.1141775995,"7":0.1336728632,"8":0.129129678,"9":0.0919333324,"10":0.1073589772,"11":0.1078086048,"12":0.1251995713,"13":0.1199531183,"14":0.1255424917},"accuracy":{"0":0.7936552763,"1":0.919696629,"2":0.9515978098,"3":0.9496439695,"4":0.9559231997,"5":0.9606205225,"6":0.9643524289,"7":0.9590053558,"8":0.9586551785,"9":0.9697822332,"10":0.964287281,"11":0.9651325941,"12":0.9617198706,"13":0.9643893242,"14":0.9622581601},"val_loss":{"0":0.3043135405,"1":0.1503194869,"2":0.1269741505,"3":0.1097154468,"4":0.1093813404,"5":0.0990702882,"6":0.0925657004,"7":0.0860347971,"8":0.0903623849,"9":0.0799532682,"10":0.0814079419,"11":0.0809202939,"12":0.0811373293,"13":0.0792287886,"14":0.0797396675},"val_accuracy":{"0":0.8917317986,"1":0.9516372681,"2":0.958876729,"3":0.9637519121,"4":0.9633671641,"5":0.968572855,"6":0.9702237248,"7":0.9723722339,"8":0.9702308178,"9":0.9725167751,"10":0.9720849991,"11":0.9732065201,"12":0.9743216038,"13":0.9745950699,"14":0.975168407}}