{"loss":{"0":0.3846842051,"1":0.2020657957,"2":0.1337167323,"3":0.1662679464,"4":0.149481222,"5":0.1115569621,"6":0.1095073372,"7":0.1130757704,"8":0.1121615395,"9":0.0793702379,"10":0.0947671086,"11":0.0902966931,"12":0.1076786071,"13":0.1305890828,"14":0.1327952743,"15":0.1197471619,"16":0.0703237876,"17":0.0686875358,"18":0.0802123845,"19":0.0618446767,"20":0.1034826264,"21":0.1000089049,"22":0.0624799952,"23":0.0672063977,"24":0.1077556238,"25":0.0549894199,"26":0.0351388529,"27":0.0408394225,"28":0.0713353008,"29":0.0391148403,"30":0.0491009578,"31":0.1075542122,"32":0.0776848719,"33":0.0883159339,"34":0.0776871294,"35":0.0849684551,"36":0.0863693431,"37":0.0709652081,"38":0.0690261275,"39":0.075106971,"40":0.0640233383,"41":0.0665116236,"42":0.0945260227,"43":0.0627676398,"44":0.0565536506,"45":0.0476887189,"46":0.0441492721,"47":0.0833786875,"48":0.0673778504,"49":0.0532612093,"50":0.0775703117,"51":0.0828727633,"52":0.0503866859,"53":0.0278424583,"54":0.0602535307,"55":0.0316935368,"56":0.0572334342,"57":0.0427340269,"58":0.0337236561,"59":0.0894709229,"60":0.0483579263,"61":0.0278796405,"62":0.0840350613,"63":0.0581802651,"64":0.0458104685,"65":0.0725300759,"66":0.0542163253,"67":0.0832478851,"68":0.0713552833,"69":0.0620243251,"70":0.0386119485,"71":0.0668288916,"72":0.0783553272,"73":0.0523602553,"74":0.0351320878,"75":0.0685327575,"76":0.0659107715,"77":0.0400171839,"78":0.0390820391,"79":0.0451985374,"80":0.0665735602,"81":0.044483982,"82":0.0362426154,"83":0.0562646501,"84":0.0448444746,"85":0.0344590694,"86":0.0481450744,"87":0.0338001028,"88":0.0571987033,"89":0.0429976657,"90":0.0531710759,"91":0.0309393853,"92":0.0565362163,"93":0.0642002374,"94":0.0730785802,"95":0.0829433277,"96":0.0375514552,"97":0.0642574579,"98":0.0880440995,"99":0.0549779721},"accuracy":{"0":0.8613980412,"1":0.9431379437,"2":0.9631282687,"3":0.9561576843,"4":0.9568765759,"5":0.9669657946,"6":0.9649760127,"7":0.9662547112,"8":0.9642959833,"9":0.97420156,"10":0.9721443057,"11":0.9727374315,"12":0.968345046,"13":0.965007484,"14":0.9668539166,"15":0.9669526815,"16":0.979409337,"17":0.9784704447,"18":0.9777362943,"19":0.9812919497,"20":0.9699701071,"21":0.9733380079,"22":0.9808626175,"23":0.9816657901,"24":0.9684737921,"25":0.9822875261,"26":0.987238884,"27":0.9858007431,"28":0.9809554815,"29":0.9868552089,"30":0.9858484268,"31":0.9717060328,"32":0.9801883698,"33":0.9731502533,"34":0.9773441553,"35":0.9755457044,"36":0.9748792648,"37":0.9816552997,"38":0.9798485041,"39":0.9785472751,"40":0.981537044,"41":0.9803352356,"42":0.9738804102,"43":0.9835020304,"44":0.9843924642,"45":0.9850382805,"46":0.9867938757,"47":0.973756671,"48":0.9798929095,"49":0.9852161407,"50":0.9767128229,"51":0.9738243222,"52":0.9852919579,"53":0.991086781,"54":0.9828907251,"55":0.990568161,"56":0.9831520319,"57":0.9868987799,"58":0.9897766113,"59":0.9758723974,"60":0.9859651327,"61":0.9898548126,"62":0.9777946472,"63":0.9832986593,"64":0.986032486,"65":0.9784183502,"66":0.9840278625,"67":0.9790703654,"68":0.9821518064,"69":0.982981503,"70":0.9885753393,"71":0.9829888344,"72":0.9807020426,"73":0.9850338101,"74":0.98915416,"75":0.9807540178,"76":0.9800623059,"77":0.9877988696,"78":0.9891132116,"79":0.9869556427,"80":0.9804455042,"81":0.9861747622,"82":0.9885796309,"83":0.9836502075,"84":0.9887933731,"85":0.9897649884,"86":0.9864609838,"87":0.9900478125,"88":0.9845410585,"89":0.9875772595,"90":0.984536171,"91":0.9901857376,"92":0.9841859937,"93":0.9804180264,"94":0.9800901413,"95":0.9781897664,"96":0.9894336462,"97":0.9806261063,"98":0.9734886289,"99":0.9857217073},"val_loss":{"0":0.178634122,"1":0.1298378408,"2":0.1044701263,"3":0.098343581,"4":0.1135612279,"5":0.0831017941,"6":0.0802178904,"7":0.0841477662,"8":0.0796970278,"9":0.0749516934,"10":0.0749698877,"11":0.0665804148,"12":0.0704944357,"13":0.0663518682,"14":0.0712697208,"15":0.0746997222,"16":0.0623057,"17":0.0578865036,"18":0.065634802,"19":0.0578157268,"20":0.0814433023,"21":0.0648325682,"22":0.058337193,"23":0.0609079227,"24":0.0622550137,"25":0.059124805,"26":0.057815589,"27":0.0566785857,"28":0.0534556024,"29":0.0622774325,"30":0.0519354232,"31":0.0592142306,"32":0.0565584078,"33":0.0527215116,"34":0.0555683933,"35":0.058192201,"36":0.0548126772,"37":0.0524397716,"38":0.0507643595,"39":0.05138053,"40":0.0488550551,"41":0.0528466702,"42":0.0701047927,"43":0.0520111322,"44":0.0490571037,"45":0.0460946746,"46":0.0468387157,"47":0.0602589622,"48":0.0465746932,"49":0.0482844897,"50":0.0511495024,"51":0.0574849993,"52":0.0468195491,"53":0.0480607264,"54":0.0450019203,"55":0.0481575802,"56":0.0455591716,"57":0.0446741171,"58":0.0449193157,"59":0.053320758,"60":0.0423327684,"61":0.0447556525,"62":0.0507627875,"63":0.054697372,"64":0.0458397008,"65":0.0554606803,"66":0.0485042632,"67":0.0732446015,"68":0.0521840863,"69":0.0512070544,"70":0.04630889,"71":0.0445937514,"72":0.0474443063,"73":0.045617342,"74":0.0443965159,"75":0.0479291826,"76":0.0493212752,"77":0.0466125272,"78":0.0464856252,"79":0.0508464575,"80":0.0490128472,"81":0.0420736223,"82":0.0453100316,"83":0.0413522944,"84":0.0411126539,"85":0.0432341136,"86":0.0403697118,"87":0.0438028611,"88":0.0459051915,"89":0.0441950411,"90":0.0446797125,"91":0.0440106764,"92":0.0429995917,"93":0.043316219,"94":0.0571624078,"95":0.0528129786,"96":0.0416384041,"97":0.0522486456,"98":0.0580285043,"99":0.0464139357},"val_accuracy":{"0":0.9413375854,"1":0.9612096548,"2":0.9678118825,"3":0.9695661664,"4":0.9610422254,"5":0.9741716385,"6":0.9734560847,"7":0.97673738,"8":0.9746545553,"9":0.9759551287,"10":0.9754426479,"11":0.9792055488,"12":0.9803184271,"13":0.9798551202,"14":0.9802761674,"15":0.9773252606,"16":0.9812185764,"17":0.9817231894,"18":0.9787102938,"19":0.9823755026,"20":0.9810656905,"21":0.9797559381,"22":0.9817884564,"23":0.9821603894,"24":0.9828683138,"25":0.9821626544,"26":0.9830259085,"27":0.9825670123,"28":0.9837961793,"29":0.9808732867,"30":0.984215796,"31":0.9837026,"32":0.9828233719,"33":0.9845069647,"34":0.9838392735,"35":0.984215498,"36":0.9820688367,"37":0.9837376475,"38":0.984300971,"39":0.9848234653,"40":0.9851938486,"41":0.9856104255,"42":0.9825853705,"43":0.9857232571,"44":0.9848786592,"45":0.9855769277,"46":0.9847399592,"47":0.9850994945,"48":0.985655427,"49":0.9855565429,"50":0.9847553372,"51":0.9827937484,"52":0.9860194325,"53":0.9862133861,"54":0.985637784,"55":0.9856060147,"56":0.9864400625,"57":0.9864372015,"58":0.9861906171,"59":0.9867225885,"60":0.9866553545,"61":0.9865945578,"62":0.9860287309,"63":0.9857907891,"64":0.9860421419,"65":0.986325264,"66":0.9867172241,"67":0.9847519398,"68":0.986384809,"69":0.9864603281,"70":0.9851591587,"71":0.986815989,"72":0.9861806631,"73":0.9861112237,"74":0.9866126776,"75":0.9870458841,"76":0.9859975576,"77":0.9865500927,"78":0.985901475,"79":0.9858573675,"80":0.9861219525,"81":0.9873506427,"82":0.9869516492,"83":0.9875259399,"84":0.9872657061,"85":0.9874799848,"86":0.9879878163,"87":0.9874882102,"88":0.9878389239,"89":0.9873111844,"90":0.9874960184,"91":0.9874774814,"92":0.9876090288,"93":0.9879919291,"94":0.986597836,"95":0.9871774912,"96":0.9876566529,"97":0.9873312116,"98":0.9868015647,"99":0.9874019027}}