{"loss":{"0":0.7533418536,"1":0.4348503649,"2":0.3704450727,"3":0.3746476173,"4":0.3133960068,"5":0.2464184463,"6":0.228085801,"7":0.2388082296,"8":0.2338608503,"9":0.1518056691,"10":0.1945711076,"11":0.1774519384,"12":0.1795559227,"13":0.2319318801,"14":0.1864510924},"accuracy":{"0":0.708419323,"1":0.8812841177,"2":0.9010235071,"3":0.8913944364,"4":0.9167815447,"5":0.9320026636,"6":0.9435099363,"7":0.9352703094,"8":0.9376964569,"9":0.959415257,"10":0.9453616142,"11":0.9524270296,"12":0.953623414,"13":0.9300733805,"14":0.9532232285},"val_loss":{"0":0.5212655663,"1":0.3792253435,"2":0.2686594725,"3":0.2175169289,"4":0.2357008606,"5":0.1527908742,"6":0.1309054047,"7":0.1148276553,"8":0.1281162202,"9":0.1106284857,"10":0.1021206006,"11":0.1061560139,"12":0.0995493233,"13":0.1462626606,"14":0.0994340554},"val_accuracy":{"0":0.8254813552,"1":0.9135175347,"2":0.9275669456,"3":0.9320668578,"4":0.9269372225,"5":0.9606283903,"6":0.9657567739,"7":0.969920814,"8":0.9708656073,"9":0.9672045112,"10":0.9695440531,"11":0.9722776413,"12":0.9735252857,"13":0.9720131159,"14":0.9736993909}}