{"loss":{"0":0.5909919739,"1":0.326179117,"2":0.2669527233,"3":0.2588487267,"4":0.2502295375,"5":0.1668405384,"6":0.1738394648,"7":0.1773702353,"8":0.176481694,"9":0.2391019762,"10":0.1539720148,"11":0.1287107766,"12":0.1929844767,"13":0.1691889316,"14":0.1105224043,"15":0.1360194385,"16":0.1576831192,"17":0.1441641897,"18":0.1068822891,"19":0.1365962625,"20":0.077609621,"21":0.1046520472,"22":0.1263526976,"23":0.1274507791,"24":0.0731436238,"25":0.1086007133,"26":0.0974088758,"27":0.0642409176,"28":0.0676410943,"29":0.0714310557,"30":0.0930501372,"31":0.0662804395,"32":0.0575964153,"33":0.1024038419,"34":0.0644371808,"35":0.0483581983,"36":0.0754155591,"37":0.0675766692,"38":0.0901943818,"39":0.0610104501,"40":0.0746260509,"41":0.0477823988,"42":0.0807010308,"43":0.0860192925,"44":0.0872414559,"45":0.0954300165,"46":0.0647974163,"47":0.0826606899,"48":0.1038467064,"49":0.0714270622},"accuracy":{"0":0.8068977594,"1":0.909036994,"2":0.9114692807,"3":0.9203271866,"4":0.9188264608,"5":0.9520403147,"6":0.9499425888,"7":0.9526996613,"8":0.9465271235,"9":0.9268123507,"10":0.9560090899,"11":0.9625854492,"12":0.9420026541,"13":0.9569181204,"14":0.9707231522,"15":0.9642316699,"16":0.9518076181,"17":0.9615182877,"18":0.9710973501,"19":0.9616433978,"20":0.9798851013,"21":0.9727195501,"22":0.9652794003,"23":0.9622947574,"24":0.981095314,"25":0.9723607302,"26":0.9746389389,"27":0.9823799133,"28":0.9832345843,"29":0.9820728302,"30":0.9769514203,"31":0.9820652008,"32":0.9832770228,"33":0.9741177559,"34":0.9825148582,"35":0.9868223071,"36":0.9813802838,"37":0.9810659289,"38":0.9775365591,"39":0.984380126,"40":0.9797719717,"41":0.9865350723,"42":0.9797868729,"43":0.9751857519,"44":0.9773756266,"45":0.9735633731,"46":0.9839687347,"47":0.9769924879,"48":0.9691337347,"49":0.9796831012},"val_loss":{"0":1.6214435101,"1":0.8191608787,"2":0.367996037,"3":0.3290015161,"4":0.1692334265,"5":0.1538475156,"6":0.1149131656,"7":0.1505794972,"8":0.0877209827,"9":0.0962946936,"10":0.0971216708,"11":0.0966556817,"12":0.090105474,"13":0.0709370375,"14":0.0753269196,"15":0.0722024143,"16":0.0686809048,"17":0.0609306581,"18":0.0660046786,"19":0.0589013919,"20":0.0566480979,"21":0.0564992949,"22":0.0618111379,"23":0.064007856,"24":0.0612303056,"25":0.05240402,"26":0.0507103615,"27":0.0515102111,"28":0.0573970377,"29":0.0531478263,"30":0.0571419373,"31":0.0441423766,"32":0.0487520136,"33":0.0495172925,"34":0.0474143885,"35":0.0432344116,"36":0.0376822278,"37":0.0462809354,"38":0.0429462157,"39":0.0394576415,"40":0.0379161835,"41":0.0421004519,"42":0.0399157554,"43":0.0428218432,"44":0.0381067581,"45":0.0501819029,"46":0.0375925526,"47":0.0441805534,"48":0.0570645966,"49":0.0367684476},"val_accuracy":{"0":0.9223422408,"1":0.9305891991,"2":0.9320633411,"3":0.9378301501,"4":0.9650124311,"5":0.9663801193,"6":0.9652078748,"7":0.9558065534,"8":0.9748131037,"9":0.9682958722,"10":0.9751785994,"11":0.9755774736,"12":0.9760473967,"13":0.9789738059,"14":0.9780376554,"15":0.9796715975,"16":0.9830873609,"17":0.9829854965,"18":0.9836629629,"19":0.9841756821,"20":0.9844457507,"21":0.9839671254,"22":0.9834395647,"23":0.9818498492,"24":0.9835289717,"25":0.9865472317,"26":0.9869779348,"27":0.9866547585,"28":0.9839309454,"29":0.9872411489,"30":0.9859182239,"31":0.9876960516,"32":0.9875410199,"33":0.9856735468,"34":0.9866779447,"35":0.9891555309,"36":0.9883935452,"37":0.9867372513,"38":0.9880568981,"39":0.9890881181,"40":0.9892767072,"41":0.9879167676,"42":0.9882196188,"43":0.989456594,"44":0.9897545576,"45":0.9892038107,"46":0.9902254343,"47":0.9884805679,"48":0.9894078374,"49":0.9901562333}}