{"loss":{"0":0.3347916901,"1":0.154456228,"2":0.1426135749,"3":0.0946074799,"4":0.1186857671,"5":0.096240133,"6":0.0844629258,"7":0.1266577542,"8":0.1329485476,"9":0.1142812967,"10":0.101706624,"11":0.0965320542},"accuracy":{"0":0.8468120694,"1":0.9486473203,"2":0.9499584436,"3":0.9695069194,"4":0.9614635706,"5":0.9703896642,"6":0.9726324081,"7":0.9636600614,"8":0.9592788815,"9":0.9653636813,"10":0.9687721133,"11":0.9694551229},"val_loss":{"0":0.1598013937,"1":0.1550771594,"2":0.1167896315,"3":0.1030197963,"4":0.1069932282,"5":0.1041068211,"6":0.139278844,"7":0.088696681,"8":0.0924509168,"9":0.0798976049,"10":0.0933903456,"11":0.081359975},"val_accuracy":{"0":0.9394493103,"1":0.9334920049,"2":0.9580249786,"3":0.9657459259,"4":0.9625752568,"5":0.9697411656,"6":0.9483159184,"7":0.9677422643,"8":0.9643383026,"9":0.9721221924,"10":0.9705168605,"11":0.9744942784}}