{"loss":{"0":0.4620101452,"1":0.2060296535,"2":0.1719509512,"3":0.1906432807,"4":0.191259712,"5":0.1635367274,"6":0.2432109863,"7":0.198306933},"accuracy":{"0":0.7945176959,"1":0.9226436615,"2":0.9338531494,"3":0.9234880209,"4":0.9314159155,"5":0.9379310608,"6":0.9247061014,"7":0.9324581027},"val_loss":{"0":0.2910140455,"1":0.2111539096,"2":0.217561692,"3":0.2101636678,"4":0.1859240681,"5":0.1696552932,"6":0.197810784,"7":0.1594979465},"val_accuracy":{"0":0.8781185746,"1":0.9166679382,"2":0.9276579618,"3":0.917711556,"4":0.9354143739,"5":0.9391105175,"6":0.9378165007,"7":0.9430932999}}