{"loss":{"0":5.214117527,"1":0.913937211,"2":0.7220842242,"3":0.6488665938,"4":0.5659480095,"5":0.4588772655,"6":0.5027518272,"7":0.4411348701,"8":0.4778423309,"9":0.4755753577,"10":0.4687590599,"11":0.3223826289,"12":0.3343102336,"13":0.2595486641,"14":0.3155445755,"15":0.2159239799,"16":0.2181216478,"17":0.1785141528,"18":0.1575002372,"19":0.1345859468,"20":0.2029713094,"21":0.189253822,"22":0.1204465628,"23":0.144786194,"24":0.1564327478,"25":0.1922892034,"26":0.2006662786,"27":0.2025202513,"28":0.1729042977,"29":0.1335338056,"30":0.1952784806,"31":0.1612973213,"32":0.2439541817,"33":0.1363775879,"34":0.1496403217,"35":0.1675111949,"36":0.1441464424,"37":0.1400122344,"38":0.1123979315,"39":0.1240258813,"40":0.1873635501,"41":0.1258332282,"42":0.1040792316,"43":0.1642428935,"44":0.1309185326,"45":0.1525675356,"46":0.095861882,"47":0.1469989717,"48":0.1238818616,"49":0.1146756038},"accuracy":{"0":0.4513260722,"1":0.6930072308,"2":0.7326446176,"3":0.7442103624,"4":0.7687565684,"5":0.806699872,"6":0.7753354311,"7":0.822162807,"8":0.8195387125,"9":0.8448026776,"10":0.8494070172,"11":0.8833171725,"12":0.9031652212,"13":0.939874053,"14":0.9244174957,"15":0.9470719099,"16":0.939465344,"17":0.9513479471,"18":0.9538116455,"19":0.9597341418,"20":0.9451555014,"21":0.9518896341,"22":0.968352139,"23":0.9608007669,"24":0.9652091861,"25":0.9497879148,"26":0.9499586821,"27":0.9479213953,"28":0.9531625509,"29":0.966311276,"30":0.9485594034,"31":0.9622715116,"32":0.9357333183,"33":0.9626447558,"34":0.960000515,"35":0.9577755928,"36":0.963786006,"37":0.9634885788,"38":0.9731479883,"39":0.9679147005,"40":0.9440774918,"41":0.9681243896,"42":0.9679632187,"43":0.9557769895,"44":0.9663500786,"45":0.9633046389,"46":0.9731780887,"47":0.964843154,"48":0.964609921,"49":0.968131423},"val_loss":{"0":1.0017923117,"1":0.6815709472,"2":0.6058487296,"3":0.5462595224,"4":0.5070667863,"5":0.4822330475,"6":0.4743268788,"7":0.4363420308,"8":0.4036551118,"9":0.3681476116,"10":0.3718734086,"11":0.3001459539,"12":0.2563967705,"13":0.3496629,"14":0.3341665268,"15":0.2036923468,"16":0.1854341924,"17":0.1695516557,"18":0.2102413476,"19":0.1911368966,"20":0.180243656,"21":0.1879742295,"22":0.1586943567,"23":0.1383981705,"24":0.218114987,"25":0.1437940747,"26":0.1502389759,"27":0.1517651081,"28":0.1436198205,"29":0.1359676868,"30":0.1539272517,"31":0.3803018332,"32":0.1622626334,"33":0.1495901346,"34":0.1420885175,"35":0.1369618475,"36":0.1264373064,"37":0.1218609437,"38":0.1211304441,"39":0.4207593799,"40":0.130717665,"41":0.1217789799,"42":0.1815246493,"43":0.134278968,"44":0.1311076432,"45":0.1102458984,"46":0.1140885353,"47":0.108262822,"48":0.121697709,"49":0.1074929535},"val_accuracy":{"0":0.6747981906,"1":0.7211520076,"2":0.7529825568,"3":0.7630406022,"4":0.7633131146,"5":0.7715764642,"6":0.7696759105,"7":0.8375558853,"8":0.8567361236,"9":0.8677098155,"10":0.861954987,"11":0.9065597057,"12":0.9390611649,"13":0.920584619,"14":0.9293015003,"15":0.9355550408,"16":0.9536989331,"17":0.9542124867,"18":0.9305250645,"19":0.9535990357,"20":0.9516899586,"21":0.9477089643,"22":0.9569330812,"23":0.9621809721,"24":0.9509434104,"25":0.9616785645,"26":0.9555877447,"27":0.956186533,"28":0.959217608,"29":0.9620809555,"30":0.9593747854,"31":0.8746702671,"32":0.9598196149,"33":0.9577088356,"34":0.9596669078,"35":0.9625936747,"36":0.9635280967,"37":0.9672579169,"38":0.9666298628,"39":0.8113184571,"40":0.9640052319,"41":0.9660198092,"42":0.9513075352,"43":0.962533474,"44":0.9658843279,"45":0.9693801403,"46":0.96994102,"47":0.9698866606,"48":0.9690186977,"49":0.9707792401}}