{"loss":{"0":0.5523299575,"1":0.3251436055,"2":0.2626830935,"3":0.2455076724,"4":0.2360467613,"5":0.1686268598,"6":0.1728029549,"7":0.1711928099,"8":0.1784414947,"9":0.1075663343,"10":0.1357330084,"11":0.1387348622,"12":0.1475369483,"13":0.1615521163,"14":0.1448497474,"15":0.1442219466,"16":0.0968151689,"17":0.1218100786,"18":0.0955073535,"19":0.08606565,"20":0.1199040413,"21":0.1125775352,"22":0.0880480558,"23":0.1059676036,"24":0.144328624,"25":0.0866828784,"26":0.0624248572,"27":0.0620105043,"28":0.0824325159,"29":0.0560749061,"30":0.0530259199,"31":0.1061950549,"32":0.0901817828,"33":0.1024221778,"34":0.0829897448,"35":0.0885688514,"36":0.0917494521,"37":0.0849273428,"38":0.0757512972,"39":0.0863416046,"40":0.0860374123,"41":0.0773968771,"42":0.1034612432,"43":0.0638689026,"44":0.0725530609,"45":0.0599240735,"46":0.0642265081,"47":0.1073796526,"48":0.0770572498,"49":0.0627484024},"accuracy":{"0":0.8205353618,"1":0.923004806,"2":0.9427865744,"3":0.9401473999,"4":0.9518092871,"5":0.9590493441,"6":0.9579245448,"7":0.9547857046,"8":0.9525278211,"9":0.9730148315,"10":0.9628350139,"11":0.9658122063,"12":0.9626274109,"13":0.9567397237,"14":0.9634307623,"15":0.9595140219,"16":0.9728835225,"17":0.9699624777,"18":0.9735566974,"19":0.9767749906,"20":0.9670120478,"21":0.9707501531,"22":0.9774448276,"23":0.9754897952,"24":0.9622896314,"25":0.9765056372,"26":0.9826469421,"27":0.9826055765,"28":0.9758054018,"29":0.9833477736,"30":0.9862133265,"31":0.9733146429,"32":0.9766795039,"33":0.9713901281,"34":0.9770330191,"35":0.9779268503,"36":0.9733966589,"37":0.9822694659,"38":0.9802211523,"39":0.9790292978,"40":0.9780492783,"41":0.977812171,"42":0.9733576775,"43":0.9833704233,"44":0.9826182127,"45":0.9836338758,"46":0.9828329086,"47":0.9744561911,"48":0.9766062498,"49":0.9848415256},"val_loss":{"0":0.8380591869,"1":0.3045270145,"2":0.2375431806,"3":0.1804304719,"4":0.1630158722,"5":0.1501764804,"6":0.1093169674,"7":0.1031873375,"8":0.0928660631,"9":0.0797239393,"10":0.0778013691,"11":0.0867691115,"12":0.0822803602,"13":0.084246859,"14":0.0694190264,"15":0.0772081986,"16":0.0740403235,"17":0.0596064813,"18":0.058570765,"19":0.0617287345,"20":0.0596627481,"21":0.0546103418,"22":0.0640934333,"23":0.0569996126,"24":0.0858230591,"25":0.0602747947,"26":0.0540780313,"27":0.0547805876,"28":0.0488598123,"29":0.053213615,"30":0.0494361296,"31":0.0479172543,"32":0.0547941886,"33":0.0517308451,"34":0.0511053465,"35":0.0517791882,"36":0.0523376428,"37":0.0475114733,"38":0.0470436737,"39":0.0499399528,"40":0.0491979495,"41":0.0479051769,"42":0.0461232737,"43":0.042217765,"44":0.048469197,"45":0.0438221321,"46":0.0415229499,"47":0.0455328226,"48":0.0527780131,"49":0.0428714342},"val_accuracy":{"0":0.7724795938,"1":0.9545862079,"2":0.9651607871,"3":0.9665731192,"4":0.972237885,"5":0.9713740945,"6":0.9772180319,"7":0.9780873656,"8":0.977914989,"9":0.9800274968,"10":0.9804598689,"11":0.9749683738,"12":0.9791740179,"13":0.9802272916,"14":0.9806526899,"15":0.9809652567,"16":0.9805730581,"17":0.983523488,"18":0.9838138223,"19":0.9822767973,"20":0.9836006165,"21":0.9846212864,"22":0.9808421731,"23":0.9838255048,"24":0.9802033901,"25":0.9830932617,"26":0.9846408963,"27":0.9844220281,"28":0.9858291149,"29":0.984462738,"30":0.9857416749,"31":0.9861785173,"32":0.986328125,"33":0.9842820168,"34":0.9853259921,"35":0.9859825373,"36":0.9863720536,"37":0.9867620468,"38":0.9867222905,"39":0.9859880209,"40":0.9858045578,"41":0.9865057468,"42":0.9864532948,"43":0.9875799417,"44":0.9851721525,"45":0.9873764515,"46":0.9876865745,"47":0.9878854752,"48":0.9858266711,"49":0.9881288409}}