{"loss":{"0":0.3166029453,"1":0.1850087941,"2":0.1648671329,"3":0.1690993607,"4":0.1623666137,"5":0.1097486988,"6":0.1051784754,"7":0.121593453,"8":0.1270731837,"9":0.0780493766,"10":0.09753149,"11":0.0949034095,"12":0.1093698516,"13":0.1363216639,"14":0.1138225198,"15":0.0949618667,"16":0.0550192408,"17":0.0791731626,"18":0.0666387156,"19":0.0583640747,"20":0.0983642712,"21":0.0793346986,"22":0.0610569827,"23":0.0718103796,"24":0.1187483221,"25":0.0606640466,"26":0.0478680059,"27":0.0364834256,"28":0.0644776523,"29":0.0393612459,"30":0.0356360339,"31":0.0875575766,"32":0.0868197456,"33":0.0816689581,"34":0.0657093227,"35":0.0862148702,"36":0.0884092897,"37":0.070391342,"38":0.0713823065,"39":0.0622413754,"40":0.0684598237,"41":0.0545155108,"42":0.0856318697,"43":0.0524667911,"44":0.0608630963,"45":0.0413614847,"46":0.0496777333,"47":0.1018328443,"48":0.0627903715,"49":0.0471935645},"accuracy":{"0":0.8729922175,"1":0.9371959567,"2":0.9466062784,"3":0.9405363202,"4":0.9550396204,"5":0.9674454927,"6":0.973454833,"7":0.9598758817,"8":0.9580610394,"9":0.9767221212,"10":0.970941186,"11":0.9738664627,"12":0.9678999186,"13":0.9574667811,"14":0.9692193866,"15":0.970870316,"16":0.9836760759,"17":0.9775419235,"18":0.98097229,"19":0.9825323224,"20":0.9718919992,"21":0.9782289267,"22":0.9831808209,"23":0.983371079,"24":0.9655240774,"25":0.9845285416,"26":0.9866123199,"27":0.9891117215,"28":0.9798662066,"29":0.987704277,"30":0.9908553362,"31":0.9755641818,"32":0.976085484,"33":0.978433609,"34":0.9802464247,"35":0.9779266119,"36":0.9717135429,"37":0.9837764502,"38":0.9819394946,"39":0.98528862,"40":0.9835128784,"41":0.9845302701,"42":0.9778698087,"43":0.9858091474,"44":0.9862971306,"45":0.9895340204,"46":0.9860885739,"47":0.9740859866,"48":0.982290566,"49":0.9893491864},"val_loss":{"0":0.2273941785,"1":0.1309632808,"2":0.0978494883,"3":0.0796339288,"4":0.0819156393,"5":0.0625670627,"6":0.0624467507,"7":0.0543167144,"8":0.0612796955,"9":0.0505046025,"10":0.0489652418,"11":0.0491967015,"12":0.0527478084,"13":0.0612329282,"14":0.0487690829,"15":0.0481789373,"16":0.0397535525,"17":0.0395989046,"18":0.0444063097,"19":0.0380790792,"20":0.0400632024,"21":0.0375111327,"22":0.0400674716,"23":0.0502891168,"24":0.0499443896,"25":0.0373418219,"26":0.033232104,"27":0.0322886817,"28":0.040216051,"29":0.0317296162,"30":0.0318092704,"31":0.0360121056,"32":0.0386701599,"33":0.0340174995,"34":0.0332822688,"35":0.0342025161,"36":0.0362765379,"37":0.034343455,"38":0.0330127552,"39":0.0344737098,"40":0.0332277492,"41":0.0324772969,"42":0.0290212855,"43":0.035255421,"44":0.0303112566,"45":0.0274199657,"46":0.0278032888,"47":0.0502848513,"48":0.0318158157,"49":0.0285494588},"val_accuracy":{"0":0.9541937113,"1":0.9665602446,"2":0.9724504352,"3":0.9743241072,"4":0.9756822586,"5":0.979714036,"6":0.9797864556,"7":0.9826030135,"8":0.9805898666,"9":0.9828097224,"10":0.9833913445,"11":0.9854285717,"12":0.9841808677,"13":0.9822862148,"14":0.9861860275,"15":0.9863272905,"16":0.9875218272,"17":0.9876225591,"18":0.9861903787,"19":0.9882953763,"20":0.9891729355,"21":0.9889879823,"22":0.9874340892,"23":0.9832862616,"24":0.986143291,"25":0.9891132712,"26":0.9898833036,"27":0.9905645847,"28":0.9871495366,"29":0.9901732206,"30":0.9905854464,"31":0.9894147515,"32":0.9892082214,"33":0.990471065,"34":0.9902839661,"35":0.9891347289,"36":0.9896858931,"37":0.9898812771,"38":0.9904020429,"39":0.990773201,"40":0.9908755422,"41":0.9911566973,"42":0.9915174246,"43":0.9908798933,"44":0.9912275076,"45":0.9918123484,"46":0.9916533232,"47":0.9883033037,"48":0.9911230206,"49":0.9915603399}}