{"loss":{"0":0.3706080019,"1":0.2460459024,"2":0.1598305702,"3":0.1351894587,"4":0.1498352587,"5":0.0983927026,"6":0.1178795919,"7":0.0885367095,"8":0.0750249475,"9":0.0720913783,"10":0.0575103872,"11":0.0535811111,"12":0.0874856114,"13":0.0693869144,"14":0.0956306607,"15":0.0784360021,"16":0.0514104366,"17":0.0553749576,"18":0.0370318964,"19":0.0538467653,"20":0.0349679776,"21":0.0425270386,"22":0.0374198891,"23":0.0300841574,"24":0.0506407022,"25":0.0451307632,"26":0.0386914052,"27":0.0358262174,"28":0.0255022533,"29":0.0349491127},"accuracy":{"0":0.8433330655,"1":0.9038985968,"2":0.9390981793,"3":0.9495741129,"4":0.9459411502,"5":0.9657047391,"6":0.9548815489,"7":0.968752861,"8":0.9741340876,"9":0.9733589292,"10":0.9798700213,"11":0.9826698303,"12":0.968210876,"13":0.9748037457,"14":0.9679218531,"15":0.9715846777,"16":0.9805442691,"17":0.9805358052,"18":0.9877821207,"19":0.9807397723,"20":0.9872838259,"21":0.9855422974,"22":0.9870473742,"23":0.9895856977,"24":0.9823251963,"25":0.9838100672,"26":0.9854617119,"27":0.9871441126,"28":0.9912980795,"29":0.9888526201},"dice_metric":{"0":0.835927844,"1":0.8799868822,"2":0.9177446365,"3":0.9393646121,"4":0.9275723696,"5":0.9541117549,"6":0.93919909,"7":0.9557091594,"8":0.9644445181,"9":0.9644235373,"10":0.9730513692,"11":0.9716268778,"12":0.9600874782,"13":0.9628992081,"14":0.9609791636,"15":0.9595746994,"16":0.9724004865,"17":0.9720740318,"18":0.9807261229,"19":0.9756830335,"20":0.9806588888,"21":0.9785823822,"22":0.9806864858,"23":0.9856850505,"24":0.9775338173,"25":0.9772526622,"26":0.9795166254,"27":0.9814890623,"28":0.9867987633,"29":0.9800286293},"val_loss":{"0":0.4468691051,"1":0.2055630237,"2":0.106643267,"3":0.1063525453,"4":0.2181298286,"5":0.0703099295,"6":0.1031280234,"7":0.0683845133,"8":0.0602803864,"9":0.053799402,"10":0.0433188751,"11":0.045981627,"12":0.1019624025,"13":0.0655401945,"14":0.0509505682,"15":0.0514010303,"16":0.0378679857,"17":0.0381238274,"18":0.0369361527,"19":0.0418750867,"20":0.0337642767,"21":0.0533698499,"22":0.0364165157,"23":0.049042929,"24":0.0420917161,"25":0.0336669572,"26":0.031896174,"27":0.0345323458,"28":0.026081305,"29":0.0271357689},"val_accuracy":{"0":0.9405004382,"1":0.9590540528,"2":0.9701752663,"3":0.9608213902,"4":0.9524786472,"5":0.9755887985,"6":0.9671421647,"7":0.9715899825,"8":0.979262054,"9":0.9814561605,"10":0.9832790494,"11":0.9828782082,"12":0.9723178744,"13":0.9783781171,"14":0.9799235463,"15":0.9787692428,"16":0.9854630232,"17":0.9855824113,"18":0.9867649674,"19":0.9854739308,"20":0.9879732132,"21":0.9819530845,"22":0.9866343141,"23":0.9850144386,"24":0.985265553,"25":0.9875410199,"26":0.9879205227,"27":0.987336874,"28":0.9907172918,"29":0.9907224774},"val_dice_metric":{"0":0.9496276379,"1":0.9660618901,"2":0.9732240438,"3":0.9631239176,"4":0.9565431476,"5":0.9779855013,"6":0.9651007652,"7":0.9697422385,"8":0.9779580832,"9":0.9774242043,"10":0.9797098041,"11":0.9766901135,"12":0.9358257651,"13":0.9775643349,"14":0.9737577438,"15":0.9756603837,"16":0.9820679426,"17":0.9798502326,"18":0.9829327464,"19":0.9769346118,"20":0.9867072105,"21":0.9804594517,"22":0.9827138782,"23":0.9857210517,"24":0.9773580432,"25":0.9855208397,"26":0.9850279093,"27":0.9835866094,"28":0.9879469872,"29":0.9863342047}}