{"loss":{"0":34.8724441528,"1":27.0098819733,"2":29.0041866302,"3":27.8710575104,"4":28.4070930481,"5":30.748462677,"6":27.6424808502,"7":28.502243042,"8":30.5761165619,"9":27.1558876038,"10":24.6664085388,"11":29.5513153076,"12":27.7075614929,"13":25.3467121124,"14":27.6040687561,"15":26.7092094421,"16":26.7961273193,"17":30.1959877014,"18":28.2850952148,"19":29.1856269836,"20":24.9649543762,"21":26.201883316,"22":28.2765541077,"23":28.4273738861,"24":28.9573326111,"25":28.811712265,"26":27.4983634949,"27":26.7523803711,"28":25.2270355225,"29":25.5198249817,"30":26.1934261322,"31":24.0355262756,"32":23.0893039703,"33":26.9393863678,"34":25.7886657715,"35":28.797958374,"36":24.8648433685,"37":24.9073467255,"38":26.727563858,"39":29.4100799561,"40":27.3481750488,"41":26.3324432373,"42":25.9445381165,"43":27.7605438232,"44":27.5813140869,"45":28.1032714844,"46":27.2298469543,"47":27.7195281982,"48":29.4090633392,"49":28.4614219666},"accuracy":{"0":0.6288427711,"1":0.6243939996,"2":0.5966607332,"3":0.612418294,"4":0.6049640775,"5":0.5724043846,"6":0.6155968904,"7":0.6036408544,"8":0.5748010278,"9":0.622363627,"10":0.6569828987,"11":0.5890521407,"12":0.6146918535,"13":0.6475224495,"14":0.6161311269,"15":0.6285751462,"16":0.6273664832,"17":0.5800872445,"18":0.6066605449,"19":0.5941375494,"20":0.6528312564,"21":0.63563025,"22":0.6067793965,"23":0.6046819687,"24":0.597312212,"25":0.5993373394,"26":0.617601037,"27":0.6279748082,"28":0.6491867304,"29":0.6451150775,"30":0.6357477903,"31":0.6657561064,"32":0.6789144278,"33":0.6253743172,"34":0.6413764954,"35":0.5995285511,"36":0.6542233825,"37":0.6536322832,"38":0.6283199787,"39":0.591016233,"40":0.6196895838,"41":0.6338146329,"42":0.6392089128,"43":0.6139550805,"44":0.6164475083,"45":0.6091890335,"46":0.6213350892,"47":0.6145254374,"48":0.5910304189,"49":0.604208529},"dice_metric":{"0":0.6738174558,"1":0.7647665143,"2":0.7420859337,"3":0.7517328262,"4":0.7503426075,"5":0.7221681476,"6":0.7563089132,"7":0.7492037416,"8":0.725143373,"9":0.7627495527,"10":0.7885589004,"11":0.7369881868,"12":0.7574483156,"13":0.7807733417,"14":0.7588164806,"15":0.766405344,"16":0.7674177885,"17":0.7278674841,"18":0.7510381937,"19":0.7415720224,"20":0.7858246565,"21":0.7742146254,"22":0.7473666072,"23":0.7507327199,"24":0.741994977,"25":0.7457813025,"26":0.7593414187,"27":0.7656856775,"28":0.7851443291,"29":0.7815645337,"30":0.7721037865,"31":0.7958722115,"32":0.8062969446,"33":0.7653367519,"34":0.7748053074,"35":0.7448759079,"36":0.7880437374,"37":0.787496984,"38":0.7677664757,"39":0.7372217774,"40":0.7615575194,"41":0.7715729475,"42":0.7768450975,"43":0.755835712,"44":0.7579595447,"45":0.752464354,"46":0.763145566,"47":0.7578120232,"48":0.7400061488,"49":0.748863399},"val_loss":{"0":25.9702339172,"1":25.9702339172,"2":25.9702339172,"3":25.9702339172,"4":25.9702339172,"5":25.9702339172,"6":25.9702339172,"7":25.9702339172,"8":25.9702339172,"9":25.9702339172,"10":25.9702339172,"11":25.9702339172,"12":25.9702339172,"13":25.9702339172,"14":25.9702339172,"15":25.9702339172,"16":25.9702339172,"17":25.9702339172,"18":25.9702339172,"19":25.9702339172,"20":25.9702339172,"21":25.9702339172,"22":25.9702339172,"23":25.9702339172,"24":25.9702339172,"25":25.9702339172,"26":25.9702339172,"27":25.9702339172,"28":25.9702339172,"29":25.9702339172,"30":25.9702339172,"31":25.9702339172,"32":25.9702339172,"33":25.9702339172,"34":25.9702339172,"35":25.9702339172,"36":25.9702339172,"37":25.9702339172,"38":25.9702339172,"39":25.9702339172,"40":25.9702339172,"41":25.9702339172,"42":25.9702339172,"43":25.9702339172,"44":25.9702339172,"45":25.9702339172,"46":25.9702339172,"47":25.9702339172,"48":25.9702339172,"49":25.9702339172},"val_accuracy":{"0":0.6388517022,"1":0.6388517022,"2":0.6388517022,"3":0.6388517022,"4":0.6388517022,"5":0.6388517022,"6":0.6388517022,"7":0.6388517022,"8":0.6388517022,"9":0.6388517022,"10":0.6388517022,"11":0.6388517022,"12":0.6388517022,"13":0.6388517022,"14":0.6388517022,"15":0.6388517022,"16":0.6388517022,"17":0.6388517022,"18":0.6388517022,"19":0.6388517022,"20":0.6388517022,"21":0.6388517022,"22":0.6388517022,"23":0.6388517022,"24":0.6388517022,"25":0.6388517022,"26":0.6388517022,"27":0.6388517022,"28":0.6388517022,"29":0.6388517022,"30":0.6388517022,"31":0.6388517022,"32":0.6388517022,"33":0.6388517022,"34":0.6388517022,"35":0.6388517022,"36":0.6388517022,"37":0.6388517022,"38":0.6388517022,"39":0.6388517022,"40":0.6388517022,"41":0.6388517022,"42":0.6388517022,"43":0.6388517022,"44":0.6388517022,"45":0.6388517022,"46":0.6388517022,"47":0.6388517022,"48":0.6388517022,"49":0.6388517022},"val_dice_metric":{"0":0.7724024653,"1":0.7724024653,"2":0.7724024653,"3":0.7724024653,"4":0.7724024653,"5":0.7724024653,"6":0.7724024653,"7":0.7724024653,"8":0.7724024653,"9":0.7724024653,"10":0.7724024653,"11":0.7724024653,"12":0.7724024653,"13":0.7724024653,"14":0.7724024653,"15":0.7724024653,"16":0.7724024653,"17":0.7724024653,"18":0.7724024653,"19":0.7724024653,"20":0.7724024653,"21":0.7724024653,"22":0.7724024653,"23":0.7724024653,"24":0.7724024653,"25":0.7724024653,"26":0.7724024653,"27":0.7724024653,"28":0.7724024653,"29":0.7724024653,"30":0.7724024653,"31":0.7724024653,"32":0.7724024653,"33":0.7724024653,"34":0.7724024653,"35":0.7724024653,"36":0.7724024653,"37":0.7724024653,"38":0.7724024653,"39":0.7724024653,"40":0.7724024653,"41":0.7724024653,"42":0.7724024653,"43":0.7724024653,"44":0.7724024653,"45":0.7724024653,"46":0.7724024653,"47":0.7724024653,"48":0.7724024653,"49":0.7724024653}}