{"loss":{"0":22.9479160309,"1":15.9779644012,"2":14.2857694626,"3":13.5878067017,"4":14.1106719971,"5":13.0217342377,"6":15.5769519806,"7":12.8610286713,"8":11.6893634796,"9":12.8140029907,"10":15.1824445724,"11":12.0391569138,"12":13.1543941498,"13":11.9879131317,"14":11.9893627167,"15":13.439283371,"16":12.4262285233,"17":12.0550632477,"18":12.0066280365,"19":10.5696487427,"20":11.3065795898,"21":13.9713106155,"22":13.5528364182,"23":12.0916957855,"24":14.6983966827,"25":13.7454404831,"26":11.8605556488,"27":10.7935123444,"28":12.5783958435,"29":11.4642963409,"30":11.5317974091,"31":15.0653705597,"32":14.6193084717,"33":12.4506549835,"34":10.7242183685,"35":13.0262508392,"36":12.8866176605,"37":10.947145462,"38":14.731798172,"39":12.0966262817,"40":13.878900528,"41":12.3984508514,"42":11.4786720276,"43":13.2532529831,"44":14.2191867828,"45":11.4030761719,"46":11.5451412201,"47":10.8870220184,"48":11.7410860062,"49":11.6147727966},"dice_metric":{"0":0.7851041555,"1":0.8241474032,"2":0.8279151917,"3":0.8194591403,"4":0.8174421191,"5":0.8389175534,"6":0.7888939977,"7":0.8368414044,"8":0.8389924765,"9":0.8292353749,"10":0.8071058989,"11":0.8440842628,"12":0.8273871541,"13":0.8462400436,"14":0.8545994759,"15":0.8278759718,"16":0.8281641006,"17":0.8477771878,"18":0.8508554697,"19":0.8606054187,"20":0.8363193274,"21":0.818872571,"22":0.8303699493,"23":0.8470025063,"24":0.7932712436,"25":0.8223490715,"26":0.8436926007,"27":0.8718880415,"28":0.8478549719,"29":0.8398858905,"30":0.8394514918,"31":0.7900234461,"32":0.7882566452,"33":0.8262378573,"34":0.8591863513,"35":0.8297077417,"36":0.8345332146,"37":0.8522111773,"38":0.7778731585,"39":0.8323155642,"40":0.8175901175,"41":0.8534862399,"42":0.8337513208,"43":0.8148981929,"44":0.8141107559,"45":0.8556065559,"46":0.84825629,"47":0.8563993573,"48":0.831497848,"49":0.83402282},"Accuracy":{"0":0.7821771502,"1":0.8125651479,"2":0.8202568889,"3":0.8205003738,"4":0.8128913641,"5":0.8313394785,"6":0.7908009291,"7":0.8288028836,"8":0.8429643512,"9":0.8296748996,"10":0.7969943285,"11":0.8491836786,"12":0.8256379962,"13":0.8418977857,"14":0.8411272168,"15":0.8236635327,"16":0.8342090845,"17":0.8415116072,"18":0.8416200876,"19":0.8582201004,"20":0.8479250073,"21":0.8194121122,"22":0.819044888,"23":0.8380792737,"24":0.8023812175,"25":0.8186073303,"26":0.8392006755,"27":0.856299758,"28":0.830591321,"29":0.8508230448,"30":0.8495041728,"31":0.7993656397,"32":0.8056107759,"33":0.8322178125,"34":0.8548868895,"35":0.8243312836,"36":0.824288547,"37":0.856554687,"38":0.8046758771,"39":0.8393446803,"40":0.8153781891,"41":0.8318305016,"42":0.8458585739,"43":0.8221780658,"44":0.8077076077,"45":0.8471506238,"46":0.8457132578,"47":0.8553012609,"48":0.8425737619,"49":0.844355762},"val_loss":{"0":13.3636522293,"1":10.6751127243,"2":9.5248374939,"3":8.9864120483,"4":8.533074379,"5":8.7693023682,"6":8.5775403976,"7":7.9119377136,"8":8.0422716141,"9":7.6854996681,"10":7.637193203,"11":8.5168447495,"12":7.7769489288,"13":7.7419753075,"14":7.5797762871,"15":7.6368975639,"16":7.6841907501,"17":7.6195750237,"18":7.6354651451,"19":7.6717209816,"20":7.707005024,"21":7.7194571495,"22":7.6191515923,"23":7.5666985512,"24":7.5626354218,"25":7.6251015663,"26":7.5929789543,"27":7.5940461159,"28":7.6439776421,"29":7.5943260193,"30":7.5651912689,"31":7.5949320793,"32":7.5662212372,"33":7.6030783653,"34":7.5896029472,"35":7.5924277306,"36":7.5633926392,"37":7.5775165558,"38":7.6707019806,"39":7.5839080811,"40":7.6057934761,"41":7.5658974648,"42":7.5525164604,"43":7.5582141876,"44":7.604414463,"45":7.6187415123,"46":7.5959277153,"47":7.5733084679,"48":7.5722980499,"49":7.6331095695},"val_dice_metric":{"0":0.8868404031,"1":0.8920340538,"2":0.9012551308,"3":0.9065852165,"4":0.9119160175,"5":0.908739984,"6":0.9112493396,"7":0.918947041,"8":0.9169880748,"9":0.9211969376,"10":0.9216398597,"11":0.9110566974,"12":0.9202470779,"13":0.9206771851,"14":0.9223952293,"15":0.92145437,"16":0.9211738706,"17":0.9217426777,"18":0.9215536118,"19":0.921138227,"20":0.9205799103,"21":0.9204773903,"22":0.9218409657,"23":0.9224408269,"24":0.9223771095,"25":0.9220237136,"26":0.9219519496,"27":0.92196244,"28":0.9213202596,"29":0.9218511581,"30":0.9226623178,"31":0.9219986796,"32":0.9222803712,"33":0.9219250083,"34":0.9221256375,"35":0.9219655395,"36":0.9222683311,"37":0.9221129417,"38":0.9207149148,"39":0.9219564795,"40":0.921818316,"41":0.9222623706,"42":0.9224405885,"43":0.9223663807,"44":0.9217217565,"45":0.9222213626,"46":0.9222573638,"47":0.9222213626,"48":0.9222080112,"49":0.9214260578},"val_Accuracy":{"0":0.8619015813,"1":0.8644568324,"2":0.8760690689,"3":0.8824269176,"4":0.8880828023,"5":0.8849728703,"6":0.8875401616,"7":0.8954277039,"8":0.8937546611,"9":0.8981927037,"10":0.8987143636,"11":0.8869956136,"12":0.8974749446,"13":0.8976144791,"14":0.8996168971,"15":0.8988240361,"16":0.8983821869,"17":0.899069488,"18":0.8988577724,"19":0.898355484,"20":0.8978245854,"21":0.8976202011,"22":0.899192512,"23":0.8997618556,"24":0.8998041153,"25":0.8993651271,"26":0.8993708491,"27":0.8993933797,"28":0.8987026215,"29":0.8993638158,"30":0.9000056386,"31":0.8993857503,"32":0.8997376561,"33":0.8992958069,"34":0.8994865417,"35":0.8994274139,"36":0.8997592926,"37":0.8995768428,"38":0.8981673121,"39":0.8994350433,"40":0.8992204666,"41":0.8997513652,"42":0.8999182582,"43":0.8998381495,"44":0.8992325664,"45":0.8995637894,"46":0.8996623158,"47":0.8997237086,"48":0.8996645808,"49":0.898817718}}