{"loss":{"0":0.7304111719,"1":0.7000104189,"2":0.6951625943,"3":0.6894333363,"4":0.6891927719,"5":0.6821565628,"6":0.6819183826,"7":0.6818307042,"8":0.6815155745},"accuracy":{"0":0.5682359934,"1":0.5924042463,"2":0.5888125896,"3":0.6097615361,"4":0.5917521119,"5":0.6149353981,"6":0.6079458594,"7":0.5900780559,"8":0.5947767496},"val_loss":{"0":0.6926881075,"1":0.6877588034,"2":0.6855143309,"3":0.6831061244,"4":0.6804488301,"5":0.6774428487,"6":0.6748344302,"7":0.6729080081,"8":0.6713349223},"val_accuracy":{"0":0.6354609728,"1":0.6383171678,"2":0.6367443204,"3":0.6364438534,"4":0.6367968321,"5":0.6370909214,"6":0.63756603,"7":0.6367174983,"8":0.6370132565}}