{"loss":{"0":2.7606759071,"1":0.4579336643,"2":0.318862021,"3":0.2712748945,"4":0.1816125065,"5":0.1387023032,"6":0.1234045252,"7":0.1249164343,"8":0.0751953498,"9":0.097562395,"10":0.2506872118,"11":0.2335138768,"12":0.1293356568,"13":0.0945256799,"14":0.0700475127,"15":0.072022602,"16":0.0784092471,"17":0.0736680478,"18":0.0684188753,"19":0.053997539,"20":0.0770699531,"21":0.0737017915,"22":0.0706988201,"23":0.0561234877,"24":0.0569229946,"25":0.0311294198,"26":0.0686810017,"27":0.0556750409,"28":0.076547429,"29":0.0587372668,"30":0.0540485159,"31":0.0559881814,"32":0.0529051125,"33":0.0651023835,"34":0.078053087,"35":0.0630641952,"36":0.0510363653,"37":0.0498837009,"38":0.0700724572,"39":0.0427153185,"40":0.0620839708,"41":0.0500340536,"42":0.0345878154,"43":0.0399046466,"44":0.0394315422,"45":0.0366491638,"46":0.0572460294,"47":0.0485615395,"48":0.1084950194,"49":0.1671582013},"accuracy":{"0":0.4652269781,"1":0.8083509207,"2":0.8563956022,"3":0.9009200931,"4":0.9467124939,"5":0.9587444067,"6":0.9630061388,"7":0.9661663175,"8":0.9792143106,"9":0.9746839404,"10":0.9062312245,"11":0.9116255641,"12":0.964161694,"13":0.9737392664,"14":0.9813843966,"15":0.9814471006,"16":0.9804471135,"17":0.9808686376,"18":0.9829450846,"19":0.9873784781,"20":0.981051743,"21":0.9825681448,"22":0.9834923744,"23":0.9873750806,"24":0.9876326323,"25":0.9932355881,"26":0.9851387739,"27":0.987244904,"28":0.9802573919,"29":0.9847341776,"30":0.9873033762,"31":0.9875804186,"32":0.9880207777,"33":0.9855138659,"34":0.9872868657,"35":0.9855407476,"36":0.9888099432,"37":0.9888423681,"38":0.9859280586,"39":0.9909882545,"40":0.9859749079,"41":0.9890192747,"42":0.9947155714,"43":0.9913760424,"44":0.9918603897,"45":0.9920957685,"46":0.9868793488,"47":0.9893577695,"48":0.9706475139,"49":0.9443643689},"val_loss":{"0":0.5268468261,"1":0.3022916317,"2":0.2060634643,"3":0.1712451428,"4":0.0959614739,"5":0.111362718,"6":0.0883913413,"7":0.0765981674,"8":0.0402995087,"9":0.0494174473,"10":0.240477398,"11":0.1132748351,"12":0.055662524,"13":0.0558581464,"14":0.041351907,"15":0.0308472719,"16":0.028478004,"17":0.0359818898,"18":0.0234544817,"19":0.0202054456,"20":0.037546359,"21":0.0255080014,"22":0.0241929144,"23":0.0161445122,"24":0.0165362749,"25":0.012280941,"26":0.023130523,"27":0.0322949588,"28":0.0299124736,"29":0.0217882171,"30":0.0140187619,"31":0.0213115457,"32":0.0119324448,"33":0.0203796774,"34":0.0263365265,"35":0.0151436618,"36":0.0206015799,"37":0.0134931775,"38":0.0273709241,"39":0.0109781707,"40":0.018044427,"41":0.0099570649,"42":0.011212931,"43":0.0144451633,"44":0.0087089092,"45":0.0125113763,"46":0.0176670104,"47":0.0168828499,"48":0.1334629506,"49":0.0590426438},"val_accuracy":{"0":0.7531040311,"1":0.8571694493,"2":0.9030633569,"3":0.927262485,"4":0.9724690914,"5":0.957999289,"6":0.9775996208,"7":0.9773074985,"8":0.9885132313,"9":0.9839655757,"10":0.9001364112,"11":0.9537939429,"12":0.9847947955,"13":0.9863795638,"14":0.9886667132,"15":0.9924201965,"16":0.9931017756,"17":0.9915249348,"18":0.9942117333,"19":0.9955463409,"20":0.9906007648,"21":0.995470047,"22":0.9957167506,"23":0.9963784218,"24":0.9968215823,"25":0.9963005185,"26":0.9969188571,"27":0.9937829971,"28":0.990530014,"29":0.9942240715,"30":0.9964318871,"31":0.9969049096,"32":0.997367084,"33":0.9967934489,"34":0.9962062836,"35":0.9972391129,"36":0.9970743656,"37":0.9976800084,"38":0.9968240857,"39":0.9971687198,"40":0.9976229668,"41":0.9974133372,"42":0.997757256,"43":0.9973998666,"44":0.9979321957,"45":0.9980296493,"46":0.99801296,"47":0.9962860942,"48":0.957054317,"49":0.9842252731}}