{"loss":{"0":0.3224053085,"1":0.173051551,"2":0.1385504901,"3":0.1213869676,"4":0.0797286704,"5":0.0866665989,"6":0.0786365867,"7":0.0832172036,"8":0.0753499791,"9":0.0762170032},"accuracy":{"0":0.8880497813,"1":0.9480006099,"2":0.9571796656,"3":0.9635750055,"4":0.9748874903,"5":0.974263072,"6":0.9770340919,"7":0.9753850698,"8":0.9771808386,"9":0.9763931036},"val_loss":{"0":0.1492974758,"1":0.1159386113,"2":0.1002145633,"3":0.0813262016,"4":0.068719022,"5":0.0662370026,"6":0.0624352619,"7":0.0640125126,"8":0.0661593154,"9":0.0580169484},"val_accuracy":{"0":0.9535571337,"1":0.9644508362,"2":0.9727472663,"3":0.9760426283,"4":0.9778998494,"5":0.9798466563,"6":0.980799675,"7":0.9802498221,"8":0.9815943837,"9":0.9818255901}}