{"loss":{"0":1.8423429728,"1":0.8631022573,"2":0.6405870318,"3":0.5222600698,"4":0.5758686662,"5":0.4951364398,"6":0.4251971245,"7":0.3338305652,"8":0.3016641736,"9":0.2602957487,"10":0.3401492536,"11":0.4155860543,"12":0.3158980012,"13":0.2439889461,"14":0.1978494227,"15":0.2038080692,"16":0.1718935072,"17":0.1557137668,"18":0.1286086589,"19":0.1352318823,"20":0.1257195026,"21":0.1412136257,"22":0.1247986928,"23":0.0948319435,"24":0.0717229694,"25":0.0936805457,"26":0.0773734227,"27":0.0668573231,"28":0.0558606759,"29":0.0660509318,"30":0.0814521685,"31":0.087444365,"32":0.1635475457,"33":0.1238379851,"34":0.0941247195,"35":0.0720011145,"36":0.0632309765,"37":0.0898463875,"38":0.0624654889,"39":0.0800721943,"40":0.0632750019,"41":0.0410881713,"42":0.0484050289,"43":0.046913065,"44":0.0445480421,"45":0.065032497,"46":0.0448577628,"47":0.0611822717,"48":0.0639731437,"49":0.0636099726},"accuracy":{"0":0.5842584968,"1":0.7245252728,"2":0.7875470519,"3":0.8138789535,"4":0.8076720834,"5":0.8091379404,"6":0.8502784967,"7":0.8981611133,"8":0.9099652171,"9":0.9235121608,"10":0.8980855942,"11":0.819974184,"12":0.8988197446,"13":0.9330496192,"14":0.9489118457,"15":0.9481762052,"16":0.9561353326,"17":0.9580593705,"18":0.9651575089,"19":0.9635580182,"20":0.9675777555,"21":0.9612716436,"22":0.9698460102,"23":0.9755875468,"24":0.9815215468,"25":0.9759114385,"26":0.9813030958,"27":0.9850527644,"28":0.9860330224,"29":0.9865057468,"30":0.9823433161,"31":0.9797230959,"32":0.9582303166,"33":0.97202003,"34":0.9778997302,"35":0.9841660857,"36":0.9853723049,"37":0.9822856188,"38":0.9848775268,"39":0.9811965823,"40":0.9846923947,"41":0.9908542037,"42":0.989009738,"43":0.9898352027,"44":0.9896774888,"45":0.9844390154,"46":0.9904760718,"47":0.9849542975,"48":0.9849433899,"49":0.9851040244},"val_loss":{"0":0.8749397397,"1":0.6056990027,"2":0.4219531119,"3":0.3639435768,"4":0.4721646011,"5":0.3122931719,"6":0.3123001754,"7":0.2380694598,"8":0.2288747579,"9":0.2245421261,"10":0.4495059252,"11":0.2785106003,"12":0.1951376796,"13":0.2037043571,"14":0.1534444392,"15":0.1232478023,"16":0.1405014247,"17":0.0854629278,"18":0.1067112684,"19":0.0684860721,"20":0.0600519292,"21":0.1043221131,"22":0.0539492108,"23":0.0537805893,"24":0.0526054911,"25":0.034252584,"26":0.035913676,"27":0.0275503471,"28":0.0320510566,"29":0.0313019045,"30":0.0304784253,"31":0.0380502753,"32":0.1058668494,"33":0.0396844782,"34":0.0389744602,"35":0.029282786,"36":0.0208408013,"37":0.0306657478,"38":0.0281070974,"39":0.0249672588,"40":0.0193083603,"41":0.0208763685,"42":0.0231730696,"43":0.014260672,"44":0.0225376636,"45":0.0247169379,"46":0.017166499,"47":0.0360816307,"48":0.018926397,"49":0.0413999744},"val_accuracy":{"0":0.7336673737,"1":0.8083900809,"2":0.8522335887,"3":0.8645880222,"4":0.8557599187,"5":0.8797312975,"6":0.9251993895,"7":0.9427657723,"8":0.9319340587,"9":0.9268400669,"10":0.7874405384,"11":0.9018586278,"12":0.9557133913,"13":0.9569636583,"14":0.9503980279,"15":0.9727119803,"16":0.9565102458,"17":0.9760186672,"18":0.9617824554,"19":0.9830682278,"20":0.9821271896,"21":0.9743307829,"22":0.9847206473,"23":0.9835466743,"24":0.9871529341,"25":0.9903541207,"26":0.9903625846,"27":0.9914482832,"28":0.9932646155,"29":0.9901587367,"30":0.9918732047,"31":0.9880251288,"32":0.9754021764,"33":0.9898601174,"34":0.9939516783,"35":0.9947254658,"36":0.9952340722,"37":0.9923759103,"38":0.9915935993,"39":0.995421648,"40":0.9948606491,"41":0.9945825934,"42":0.9959480762,"43":0.9962441325,"44":0.9956122637,"45":0.9965550303,"46":0.9966008663,"47":0.9964226484,"48":0.9970295429,"49":0.9961879253}}