{"loss":{"0":0.6998736262,"1":0.3597949743,"2":0.2642506957,"3":0.2089430541,"4":0.2013600171,"5":0.2140410244,"6":0.1891853809,"7":0.1413862407,"8":0.1852293462,"9":0.1446532309,"10":0.1616131663,"11":0.1564674675,"12":0.1768885702,"13":0.1517434269,"14":0.1754648983,"15":0.1409023702,"16":0.1618597209,"17":0.1763035357,"18":0.1712873876,"19":0.1087263599,"20":0.1528254449,"21":0.140602082,"22":0.1249666363,"23":0.1347714663,"24":0.1041812748,"25":0.1514047086,"26":0.1516390741,"27":0.1850438416,"28":0.1478524059,"29":0.1685321033,"30":0.1676256955,"31":0.1454602778,"32":0.1587475687,"33":0.1315389872,"34":0.147009328,"35":0.167921856,"36":0.1728781164,"37":0.0988948792,"38":0.1461141109,"39":0.1059743538,"40":0.1684311926,"41":0.1309001893,"42":0.1429255903,"43":0.1494410932,"44":0.1498042047,"45":0.1161326766,"46":0.1623506993,"47":0.1216396913,"48":0.1322145015,"49":0.133623004},"accuracy":{"0":0.7466400266,"1":0.8919141889,"2":0.9142543674,"3":0.9308134317,"4":0.9344860315,"5":0.9292589426,"6":0.938355267,"7":0.9505672455,"8":0.9392148852,"9":0.9482270479,"10":0.9487909079,"11":0.9497321248,"12":0.9415221214,"13":0.9522836804,"14":0.9430581331,"15":0.9505656362,"16":0.9477157593,"17":0.9430072904,"18":0.945884347,"19":0.9630878568,"20":0.9533157349,"21":0.9529994726,"22":0.9570983648,"23":0.9576679468,"24":0.9627404213,"25":0.9526361227,"26":0.9537986517,"27":0.9418981671,"28":0.9526899457,"29":0.9476333857,"30":0.9470790625,"31":0.9523685575,"32":0.9487420321,"33":0.9567266703,"34":0.9517073631,"35":0.9478210211,"36":0.9442474246,"37":0.9660639763,"38":0.954143703,"39":0.9609855413,"40":0.9480701685,"41":0.9585296512,"42":0.9558941126,"43":0.9523888826,"44":0.9539487958,"45":0.9626606107,"46":0.9507926106,"47":0.9602128863,"48":0.959754765,"49":0.9590587616},"val_loss":{"0":0.3794234097,"1":0.2730885446,"2":0.2290590554,"3":0.2073889524,"4":0.1968839467,"5":0.1843967587,"6":0.1792155951,"7":0.1863345653,"8":0.187712118,"9":0.1748375893,"10":0.1701345891,"11":0.1567563415,"12":0.1523935944,"13":0.1674370021,"14":0.1515280157,"15":0.1442499459,"16":0.1405685693,"17":0.1400509477,"18":0.1395213902,"19":0.1445349753,"20":0.1404663175,"21":0.1343993247,"22":0.1396509856,"23":0.1308143139,"24":0.1419674605,"25":0.1318428367,"26":0.1279776543,"27":0.1292876303,"28":0.1273999214,"29":0.1365106553,"30":0.1287126392,"31":0.1231076345,"32":0.1268985271,"33":0.1322983801,"34":0.1315610707,"35":0.1420806199,"36":0.1241829097,"37":0.1200040802,"38":0.1234445199,"39":0.1192617789,"40":0.1208362654,"41":0.1203515753,"42":0.1207530275,"43":0.1199881807,"44":0.1195442155,"45":0.1191530153,"46":0.1247410402,"47":0.1201048791,"48":0.1149075255,"49":0.1174598411},"val_accuracy":{"0":0.8844304681,"1":0.9065532684,"2":0.9225094914,"3":0.9298403263,"4":0.9347469211,"5":0.938498199,"6":0.9397621155,"7":0.935299933,"8":0.9349175096,"9":0.9413727522,"10":0.9465186,"11":0.9468287826,"12":0.9502676725,"13":0.9409571886,"14":0.9509903193,"15":0.9523189664,"16":0.9525843263,"17":0.9532623887,"18":0.9523895979,"19":0.9532185197,"20":0.953753531,"21":0.9558342695,"22":0.9529749751,"23":0.9553439021,"24":0.9524152279,"25":0.9561208487,"26":0.957205236,"27":0.9583054185,"28":0.9586898685,"29":0.958263278,"30":0.9599553347,"31":0.9593743086,"32":0.9581709504,"33":0.9546803832,"34":0.9569634795,"35":0.9519531131,"36":0.9594370723,"37":0.9603607059,"38":0.9593321681,"39":0.9604004622,"40":0.9597990513,"41":0.9597498178,"42":0.9597874284,"43":0.9605452418,"44":0.9609012008,"45":0.9601390362,"46":0.9580895305,"47":0.9603566527,"48":0.9619035125,"49":0.9612901211}}