{"loss":{"0":0.6881235838,"1":0.3831349909,"2":0.1848971695,"3":0.0882131308,"4":0.0819451138,"5":0.0664806813,"6":0.0438409671,"7":0.0455573052,"8":0.03481251,"9":0.0264756139,"10":0.0368479788,"11":0.0263105389,"12":0.0321264341,"13":0.0230007134,"14":0.0325053297,"15":0.0263844635,"16":0.0481304564,"17":0.019922236,"18":0.0126905963,"19":0.0128054991,"20":0.0160100181,"21":0.0142172994,"22":0.0124768186,"23":0.0172434561,"24":0.0118176593,"25":0.0121793877,"26":0.0200979225,"27":0.0184641592,"28":0.0288051758,"29":0.0219133124,"30":0.0387236439,"31":0.0176774915,"32":0.0091762198,"33":0.0063735633,"34":0.0063389852,"35":0.0058079367,"36":0.0092754308,"37":0.006290718,"38":0.0078695407,"39":0.0067008445,"40":0.0062289033,"41":0.0045111645,"42":0.0067390748,"43":0.0070840283,"44":0.0056119855,"45":0.0070064953,"46":0.0052779522,"47":0.005583568,"48":0.0058277557,"49":0.0063575143},"accuracy":{"0":0.5906630754,"1":0.7705830932,"2":0.929338932,"3":0.9690082669,"4":0.9710877538,"5":0.9763380289,"6":0.9850307703,"7":0.984645009,"8":0.988756001,"9":0.9907363653,"10":0.9877458811,"11":0.9904478192,"12":0.9884916544,"13":0.991642952,"14":0.9875917435,"15":0.9910690188,"16":0.9837597013,"17":0.9938194156,"18":0.9957307577,"19":0.9957456589,"20":0.9945732355,"21":0.995531261,"22":0.995759964,"23":0.9944078326,"24":0.9957522154,"25":0.9956642389,"26":0.9935847521,"27":0.994002521,"28":0.9896917343,"29":0.9924928546,"30":0.9881851077,"31":0.9948323369,"32":0.996858418,"33":0.9977432489,"34":0.9978944659,"35":0.9980252981,"36":0.9967876673,"37":0.9976392984,"38":0.9972976446,"39":0.997543335,"40":0.9978721738,"41":0.998382926,"42":0.9976782799,"43":0.99732095,"44":0.9980462193,"45":0.9975140691,"46":0.9980459213,"47":0.9978489876,"48":0.997777164,"49":0.9977560043},"dice_metric":{"0":0.6198724508,"1":0.7980329394,"2":0.9092445374,"3":0.9584243894,"4":0.9626950026,"5":0.9661898613,"6":0.9801578522,"7":0.9803289175,"8":0.981762886,"9":0.9880570173,"10":0.9846251607,"11":0.9877240062,"12":0.9840148687,"13":0.9901821017,"14":0.9859828949,"15":0.9871667624,"16":0.9812016487,"17":0.9892112613,"18":0.9943447113,"19":0.9945679903,"20":0.9932836294,"21":0.9943621755,"22":0.9941518903,"23":0.9927204251,"24":0.9943259954,"25":0.9942885637,"26":0.992231071,"27":0.9915798306,"28":0.988506794,"29":0.9899517894,"30":0.9847863317,"31":0.9925249219,"32":0.9964597821,"33":0.9967219234,"34":0.9975070953,"35":0.9974481463,"36":0.9962528944,"37":0.9972048998,"38":0.9967297316,"39":0.9967879057,"40":0.9974372983,"41":0.9979432225,"42":0.9973782301,"43":0.9965940714,"44":0.9973840714,"45":0.9967486262,"46":0.9975141287,"47":0.9975525141,"48":0.9971672297,"49":0.9970245361},"val_loss":{"0":0.5409731269,"1":0.1759636104,"2":0.0862726942,"3":0.071252808,"4":0.0861905366,"5":0.0447762683,"6":0.0342532508,"7":0.0317580625,"8":0.0393664949,"9":0.0251932107,"10":0.0380011685,"11":0.0331338309,"12":0.02784211,"13":0.0171849243,"14":0.0361990519,"15":0.0708389655,"16":0.0468769446,"17":0.0159703698,"18":0.0154758338,"19":0.0117881019,"20":0.0119497739,"21":0.011632042,"22":0.0470139384,"23":0.0105394572,"24":0.0109506994,"25":0.0128774345,"26":0.0373203643,"27":0.0107268821,"28":0.0905948803,"29":0.0159700438,"30":0.0345023945,"31":0.0087973224,"32":0.007358782,"33":0.006296922,"34":0.0061309142,"35":0.0111854132,"36":0.0055012084,"37":0.0064643477,"38":0.0060136183,"39":0.0067329472,"40":0.0082989838,"41":0.0075920876,"42":0.0141129363,"43":0.0062269205,"44":0.0056280014,"45":0.0054334216,"46":0.0048186337,"47":0.0071495101,"48":0.00458046,"49":0.0047169374},"val_accuracy":{"0":0.6392163634,"1":0.9317165017,"2":0.9677105546,"3":0.9729861617,"4":0.9667657614,"5":0.9855968356,"6":0.9884640574,"7":0.9894428849,"8":0.9864127636,"9":0.9912070036,"10":0.9858302474,"11":0.9895351529,"12":0.9901351929,"13":0.9940431714,"14":0.9852735996,"15":0.977479279,"16":0.9850595593,"17":0.9948779941,"18":0.9947937727,"19":0.9962983131,"20":0.9963197708,"21":0.9960619211,"22":0.984289825,"23":0.9965153337,"24":0.99630934,"25":0.995536685,"26":0.9884932041,"27":0.9963546991,"28":0.9691351652,"29":0.9950594306,"30":0.9913762808,"31":0.9971128106,"32":0.997487545,"33":0.9978716969,"34":0.9979188442,"35":0.9965059161,"36":0.9980730414,"37":0.997702539,"38":0.9978353381,"39":0.9976115823,"40":0.9972616434,"41":0.9975560308,"42":0.9956862926,"43":0.9978373647,"44":0.9980680346,"45":0.9980419278,"46":0.9983778,"47":0.9975502491,"48":0.9983979464,"49":0.9983041286},"val_dice_metric":{"0":0.6914936304,"1":0.9041030407,"2":0.9535979033,"3":0.9674144387,"4":0.9616475701,"5":0.9775800705,"6":0.9839044809,"7":0.9847230911,"8":0.9840782881,"9":0.9895105958,"10":0.9825579524,"11":0.9873566628,"12":0.9873719215,"13":0.9919797778,"14":0.9821248651,"15":0.9779274464,"16":0.9780551791,"17":0.9937211871,"18":0.993399024,"19":0.9954141378,"20":0.9944709539,"21":0.995212853,"22":0.9837947488,"23":0.9960474372,"24":0.9949402809,"25":0.9949560165,"26":0.9832947254,"27":0.9947479963,"28":0.9686820507,"29":0.9934728742,"30":0.9784505963,"31":0.996828258,"32":0.9964239001,"33":0.9972923994,"34":0.9975250959,"35":0.996165216,"36":0.9974223971,"37":0.997172296,"38":0.9971444607,"39":0.9972848892,"40":0.9967898726,"41":0.9973489642,"42":0.9954052567,"43":0.9973589778,"44":0.99774611,"45":0.9975486994,"46":0.9980201721,"47":0.9971209168,"48":0.9978573918,"49":0.9977631569}}