{"loss":{"0":0.5631016493,"1":0.3912925124,"2":0.2993587255,"3":0.2540370226,"4":0.2013369799,"5":0.1879579276,"6":0.2193564177,"7":0.1971114576,"8":0.098769851,"9":0.1021706462,"10":0.1033220664,"11":0.0975481495,"12":0.0977811366,"13":0.072947666,"14":0.1150667071,"15":0.0692600161,"16":0.0728662834,"17":0.0399337783,"18":0.0503263883,"19":0.0957412273,"20":0.0965616032,"21":0.0618496127,"22":0.0596225262,"23":0.0274714977,"24":0.0945016742,"25":0.0473271422,"26":0.0943333954,"27":0.0391587839,"28":0.0233812742,"29":0.0454334915,"30":0.049559515,"31":0.0230803825,"32":0.0673563406,"33":0.0259109549,"34":0.06754715,"35":0.0690107048,"36":0.025423836,"37":0.064966388,"38":0.0155576989,"39":0.0797277987,"40":0.0568127856,"41":0.0349726155,"42":0.0453340784,"43":0.0564578548,"44":0.0545241125,"45":0.034451358,"46":0.0916687995,"47":0.0549640171,"48":0.0458812043,"49":0.0323811509},"dice_metric":{"0":0.6244208813,"1":0.7741732001,"2":0.8440335989,"3":0.8599651456,"4":0.8878361583,"5":0.8927708864,"6":0.8849250674,"7":0.9007002115,"8":0.936337173,"9":0.9455627203,"10":0.9506246448,"11":0.9518591762,"12":0.9511330724,"13":0.9650386572,"14":0.9524229765,"15":0.9711449742,"16":0.9685629606,"17":0.9772549868,"18":0.9839975238,"19":0.9507629275,"20":0.9663232565,"21":0.9754030108,"22":0.9788658023,"23":0.9828625917,"24":0.9692012072,"25":0.9802541733,"26":0.9668264389,"27":0.9819840193,"28":0.9889906645,"29":0.9840251803,"30":0.9822624326,"31":0.991132617,"32":0.9790232778,"33":0.986667037,"34":0.9766657948,"35":0.9803347588,"36":0.9874205589,"37":0.9772440791,"38":0.9929879904,"39":0.97495538,"40":0.9816874266,"41":0.9825363159,"42":0.9848625064,"43":0.9775115848,"44":0.9799319506,"45":0.9871473312,"46":0.9677910805,"47":0.9775803685,"48":0.9859620333,"49":0.9864029884},"Accuracy":{"0":0.7566729784,"1":0.8204829097,"2":0.9058797956,"3":0.952442944,"4":0.9706718326,"5":0.9708464742,"6":0.9614219666,"7":0.9588535428,"8":0.9838495255,"9":0.9847035408,"10":0.9783018231,"11":0.9793664217,"12":0.9827745557,"13":0.9863504171,"14":0.9794843793,"15":0.985819459,"16":0.9847785234,"17":0.9922887087,"18":0.9914646149,"19":0.9790383577,"20":0.9797836542,"21":0.9872970581,"22":0.9858411551,"23":0.9948558807,"24":0.9825553894,"25":0.9904500842,"26":0.9824997783,"27":0.9927558899,"28":0.9950494766,"29":0.9916170835,"30":0.9904350042,"31":0.9949499369,"32":0.9863115549,"33":0.994793117,"34":0.987189889,"35":0.9891939163,"36":0.9940527678,"37":0.987983346,"38":0.9965947866,"39":0.9856020212,"40":0.9882195592,"41":0.9933565259,"42":0.9902030826,"43":0.9864032865,"44":0.9898149371,"45":0.9934728742,"46":0.9813129306,"47":0.9879638553,"48":0.9915472269,"49":0.9936858416},"val_loss":{"0":0.5096266866,"1":0.3206560016,"2":0.3041942418,"3":0.2283406109,"4":0.2015961111,"5":0.1684888005,"6":0.173598811,"7":0.1260801256,"8":0.1268869936,"9":0.0993146151,"10":0.0939236358,"11":0.0937743261,"12":0.0903937072,"13":0.0961824059,"14":0.070359759,"15":0.074539192,"16":0.0643628538,"17":0.0991465896,"18":0.0692632124,"19":0.0717097521,"20":0.0632637367,"21":0.0731144696,"22":0.0676500723,"23":0.0839626938,"24":0.0611434095,"25":0.0687604174,"26":0.0533813834,"27":0.0505563617,"28":0.06889195,"29":0.0562469065,"30":0.0695168748,"31":0.0666163042,"32":0.0494238026,"33":0.0606019497,"34":0.051374305,"35":0.0602895245,"36":0.0731758624,"37":0.0497381128,"38":0.0912181959,"39":0.0495218374,"40":0.0494036339,"41":0.05040529,"42":0.0481159091,"43":0.0581991859,"44":0.0530144721,"45":0.0453431755,"46":0.047196839,"47":0.0505890548,"48":0.0463324077,"49":0.0488942489},"val_dice_metric":{"0":0.6886075139,"1":0.8468356729,"2":0.8321561217,"3":0.8824550509,"4":0.8919238448,"5":0.9100401402,"6":0.9057375789,"7":0.933324337,"8":0.9498806596,"9":0.9456911087,"10":0.9617741704,"11":0.9665513039,"12":0.9620207548,"13":0.9744266868,"14":0.9691175222,"15":0.968891263,"16":0.9729745984,"17":0.9807545543,"18":0.971791327,"19":0.9812542796,"20":0.9751336575,"21":0.9818222523,"22":0.9627330899,"23":0.9845674038,"24":0.9819745421,"25":0.9835716486,"26":0.9829953909,"27":0.9828572869,"28":0.9867616892,"29":0.9858919978,"30":0.9849449396,"31":0.9871268272,"32":0.9797189236,"33":0.987613678,"34":0.9762169123,"35":0.9671038985,"36":0.9879881144,"37":0.9795975685,"38":0.9886258245,"39":0.9789379239,"40":0.9812530279,"41":0.9868816733,"42":0.9859212041,"43":0.9656198025,"44":0.9825053811,"45":0.9837214351,"46":0.9823909402,"47":0.9751783013,"48":0.9802774787,"49":0.9884541631},"val_Accuracy":{"0":0.7570846677,"1":0.8989524841,"2":0.9267838001,"3":0.9615294933,"4":0.9649248123,"5":0.9724214673,"6":0.9568526745,"7":0.9784516096,"8":0.9808626175,"9":0.9819478393,"10":0.9839739203,"11":0.9839900136,"12":0.9792573452,"13":0.9857104421,"14":0.9851047397,"15":0.9825173616,"16":0.9865399003,"17":0.986545682,"18":0.982888937,"19":0.9871453047,"20":0.9857223034,"21":0.9858109951,"22":0.9858573675,"23":0.9877417088,"24":0.986869812,"25":0.987070024,"26":0.9890085459,"27":0.989346385,"28":0.9890488386,"29":0.9892308116,"30":0.9867603183,"31":0.9891196489,"32":0.9893364906,"33":0.9893431664,"34":0.988155365,"35":0.9864881635,"36":0.9888336658,"37":0.98866117,"38":0.9891908765,"39":0.988607049,"40":0.9886388183,"41":0.9894970059,"42":0.9894469976,"43":0.9885553718,"44":0.9864224792,"45":0.9895738363,"46":0.9889561534,"47":0.9890477061,"48":0.9892652631,"49":0.9900817871}}