{"loss":{"0":0.6889636517,"1":0.2041517049,"2":0.1555049121,"3":0.1063889861,"4":0.1175491363,"5":0.0968146324,"6":0.0849296004,"7":0.1100937873,"8":0.1137772575,"9":0.1039262563,"10":0.099474296,"11":0.0885400176,"12":0.0971346274,"13":0.0576639958,"14":0.0636475831,"15":0.1118455976,"16":0.0594941303,"17":0.0408354178,"18":0.0861078277,"19":0.124946557,"20":0.0632810742,"21":0.0672718138,"22":0.0519517548,"23":0.0893898085,"24":0.0818103701,"25":0.1142978668,"26":0.0849667042,"27":0.0768478736},"accuracy":{"0":0.7037491798,"1":0.9276525378,"2":0.947597146,"3":0.9660388231,"4":0.962916851,"5":0.9712424278,"6":0.9714226723,"7":0.9673167467,"8":0.9652631879,"9":0.9682857394,"10":0.9673711658,"11":0.9711465836,"12":0.9684579968,"13":0.9796506763,"14":0.9752807617,"15":0.9699001312,"16":0.9822229147,"17":0.984604001,"18":0.9773796201,"19":0.9611889124,"20":0.9813162088,"21":0.9806305766,"22":0.9833135605,"23":0.9753211737,"24":0.9742797613,"25":0.9692209363,"26":0.9731851816,"27":0.9772289395},"val_loss":{"0":0.2173608094,"1":0.1644388586,"2":0.1397479028,"3":0.1091666222,"4":0.1146939024,"5":0.1168355942,"6":0.1011094749,"7":0.0982686505,"8":0.0998492539,"9":0.0852559432,"10":0.1071204916,"11":0.0884350762,"12":0.0775642917,"13":0.092163384,"14":0.0576552637,"15":0.1043642461,"16":0.0693890527,"17":0.0620288998,"18":0.0647950396,"19":0.0694966018,"20":0.0800600499,"21":0.0703700408,"22":0.066237174,"23":0.0745903477,"24":0.0761874244,"25":0.0871313214,"26":0.0651504993,"27":0.0693380833},"val_accuracy":{"0":0.9204540253,"1":0.9460989833,"2":0.9519583583,"3":0.9635416865,"4":0.9592857361,"5":0.9637272954,"6":0.9640795588,"7":0.9667046666,"8":0.968621552,"9":0.9750976562,"10":0.9688714147,"11":0.9755541682,"12":0.9778862,"13":0.9710108638,"14":0.9813506007,"15":0.9727592468,"16":0.9806753993,"17":0.9812831879,"18":0.9786217809,"19":0.9802907109,"20":0.9771239161,"21":0.9809093475,"22":0.981625855,"23":0.9804579616,"24":0.978398025,"25":0.9803168178,"26":0.9824085236,"27":0.9811127782}}