{"loss":{"0":0.5711567998,"1":0.3050206006,"2":0.2507439852,"3":0.2566772699,"4":0.2234259099,"5":0.1648189276,"6":0.1537285596,"7":0.1736109704,"8":0.1710816175,"9":0.1047306061,"10":0.1346197575,"11":0.1304995716,"12":0.1581179798,"13":0.177099511,"14":0.1547017246},"accuracy":{"0":0.8097053766,"1":0.9219609499,"2":0.9356613159,"3":0.9310291409,"4":0.9504555464,"5":0.9592424631,"6":0.9619466066,"7":0.9534572363,"8":0.9503990412,"9":0.9706687927,"10":0.9627515078,"11":0.9664532542,"12":0.9614225626,"13":0.9500648379,"14":0.9640176892},"val_loss":{"0":1.7084904909,"1":0.2766314149,"2":0.2178978324,"3":0.1586740017,"4":0.1507532597,"5":0.1142248362,"6":0.1168566942,"7":0.107601352,"8":0.1210206673,"9":0.0815903097,"10":0.0764946714,"11":0.0845520943,"12":0.1004257202,"13":0.0810668245,"14":0.0825558454},"val_accuracy":{"0":0.6533350945,"1":0.9433012009,"2":0.9612606168,"3":0.9679761529,"4":0.968775034,"5":0.9732463956,"6":0.9739814997,"7":0.9739809036,"8":0.9677472711,"9":0.9783694148,"10":0.9792722464,"11":0.9773340821,"12":0.9714143276,"13":0.9781219959,"14":0.9792478681}}