{"loss":{"0":0.9921105504,"1":0.219877243,"2":0.1923260391,"3":0.1255191714,"4":0.1394201219,"5":0.1151166558,"6":0.1024355069,"7":0.1344518811,"8":0.1392967552,"9":0.1219015941,"10":0.1147425994,"11":0.1024452075,"12":0.1212838888,"13":0.0722592473,"14":0.0739850774,"15":0.1222583205,"16":0.0615653694,"17":0.0435334966,"18":0.0905422419,"19":0.1224112734,"20":0.0666984394,"21":0.0711637139,"22":0.0516411476,"23":0.1007762551,"24":0.0831020921,"25":0.1490594447,"26":0.1015869975,"27":0.0976131409,"28":0.0814257041,"29":0.0654805973,"30":0.0824660361,"31":0.0933656171,"32":0.0811996013,"33":0.1004239172,"34":0.10785041,"35":0.1089486256,"36":0.100370504,"37":0.057816118,"38":0.068529442,"39":0.1157662123,"40":0.0729632974,"41":0.0902876779,"42":0.0746125802,"43":0.0591971166,"44":0.099020198,"45":0.0705743954,"46":0.0783359855,"47":0.0696037784,"48":0.0521345325,"49":0.0675033703,"50":0.0545211248,"51":0.0762510225,"52":0.064394176,"53":0.0987535715,"54":0.0607645735,"55":0.0728520975,"56":0.0741396099,"57":0.1012968794,"58":0.0892712846,"59":0.0663228333,"60":0.1078609824,"61":0.0803451389,"62":0.0940446779,"63":0.0787880421,"64":0.0658096522,"65":0.0495644547,"66":0.0698743165,"67":0.0457779728,"68":0.0835784152,"69":0.0837601349,"70":0.0673157498,"71":0.0720406994,"72":0.1052623987,"73":0.0337338075,"74":0.1292717606,"75":0.0741097704,"76":0.0965740457,"77":0.0964326337,"78":0.0407165661,"79":0.0369681977,"80":0.0294530801,"81":0.0784086362,"82":0.0542900637,"83":0.0454968065,"84":0.062297333,"85":0.1072873622,"86":0.0634832457,"87":0.0925817192,"88":0.0709792376,"89":0.0855292529,"90":0.048511304,"91":0.0736304671,"92":0.0912577584,"93":0.0647786856,"94":0.0648636371,"95":0.0517760701,"96":0.0312473886,"97":0.0493569225,"98":0.1271162331,"99":0.115322873},"accuracy":{"0":0.7747267485,"1":0.9388661385,"2":0.9465705752,"3":0.964170754,"4":0.9602618217,"5":0.9721884727,"6":0.9706147313,"7":0.9632018805,"8":0.9632428885,"9":0.965775311,"10":0.9662773013,"11":0.9707853198,"12":0.9668916464,"13":0.973511517,"14":0.9735938907,"15":0.9672638178,"16":0.9813434482,"17":0.9836713076,"18":0.9746599197,"19":0.965680778,"20":0.9810956717,"21":0.9797675014,"22":0.9831277132,"23":0.9741843939,"24":0.9765586853,"25":0.9686270952,"26":0.9713380933,"27":0.9752887487,"28":0.9766330719,"29":0.9793715477,"30":0.9776241183,"31":0.9738231897,"32":0.9774791598,"33":0.9733631015,"34":0.9704710245,"35":0.9761235118,"36":0.971341908,"37":0.9794710279,"38":0.9794427156,"39":0.9680566788,"40":0.9784548879,"41":0.9746123552,"42":0.976193428,"43":0.9797290564,"44":0.9725936055,"45":0.980096221,"46":0.9781640768,"47":0.9804178476,"48":0.9839926958,"49":0.9817980528,"50":0.9827156067,"51":0.9788249731,"52":0.9787538648,"53":0.9730468988,"54":0.9825412631,"55":0.9800057411,"56":0.9794237018,"57":0.9743139148,"58":0.9755184054,"59":0.9813091159,"60":0.9714151621,"61":0.9794034958,"62":0.974847436,"63":0.9763935804,"64":0.9792806506,"65":0.9851657748,"66":0.982205987,"67":0.9840167761,"68":0.9793718457,"69":0.9777290225,"70":0.9810398221,"71":0.9765928388,"72":0.9734113812,"73":0.9879114032,"74":0.9687492251,"75":0.9805297852,"76":0.9762066007,"77":0.9738613963,"78":0.9862085581,"79":0.9859256744,"80":0.9889262319,"81":0.9809058309,"82":0.9830509424,"83":0.9824716449,"84":0.9801867604,"85":0.9718273282,"86":0.9812538028,"87":0.9748862386,"88":0.980012536,"89":0.9762414694,"90":0.9860852957,"91":0.977920711,"92":0.9761618376,"93":0.9832732081,"94":0.9820566177,"95":0.9839078784,"96":0.9873167276,"97":0.9861828685,"98":0.9657627344,"99":0.96856004},"val_loss":{"0":0.3228788376,"1":0.1995025724,"2":0.1712545007,"3":0.1127706543,"4":0.1536124945,"5":0.1489759535,"6":0.1196523085,"7":0.1374644637,"8":0.117842041,"9":0.0979622602,"10":0.1011207923,"11":0.0851816162,"12":0.071343936,"13":0.0951338038,"14":0.0718055144,"15":0.1058744267,"16":0.0557197519,"17":0.0611449666,"18":0.0602816232,"19":0.0892281234,"20":0.0580405891,"21":0.0656680092,"22":0.0618499964,"23":0.0743189827,"24":0.0541542768,"25":0.1098876819,"26":0.0684402287,"27":0.078006275,"28":0.0583183207,"29":0.0563986152,"30":0.0831692293,"31":0.0730852112,"32":0.0603657626,"33":0.0874796733,"34":0.0970765948,"35":0.0662413463,"36":0.1202950105,"37":0.0654871762,"38":0.0731769502,"39":0.0946809053,"40":0.0565131009,"41":0.0799370408,"42":0.0410580933,"43":0.0634110272,"44":0.0542019792,"45":0.0471009016,"46":0.0594975315,"47":0.0518289953,"48":0.0537280925,"49":0.0540277064,"50":0.0531820767,"51":0.0509955548,"52":0.04587714,"53":0.0543769151,"54":0.0615631528,"55":0.040541593,"56":0.0513372868,"57":0.0617844574,"58":0.0424612649,"59":0.0464578383,"60":0.0545990728,"61":0.0451864414,"62":0.0643028095,"63":0.0562251955,"64":0.0551626645,"65":0.0647543296,"66":0.0605979711,"67":0.0406561941,"68":0.080189757,"69":0.0531550534,"70":0.0814193711,"71":0.0621544607,"72":0.0604029708,"73":0.0462281071,"74":0.0912038758,"75":0.0450871848,"76":0.0691296533,"77":0.0536186397,"78":0.0371919498,"79":0.0449530669,"80":0.0411513634,"81":0.0642093346,"82":0.0751260743,"83":0.0540549345,"84":0.0631105378,"85":0.0741259605,"86":0.0544601977,"87":0.0654717013,"88":0.0598502755,"89":0.0585843027,"90":0.0616218746,"91":0.0555092096,"92":0.0631734207,"93":0.0625292584,"94":0.062918745,"95":0.04919165,"96":0.0495503247,"97":0.0496793874,"98":0.0889303684,"99":0.0555870645},"val_accuracy":{"0":0.8922023773,"1":0.9301745296,"2":0.9381752014,"3":0.9618040919,"4":0.9588845372,"5":0.956027329,"6":0.9569142461,"7":0.9618727565,"8":0.9653332829,"9":0.9698517919,"10":0.9654439092,"11":0.9732539058,"12":0.9748897552,"13":0.9669768214,"14":0.9706719518,"15":0.9738273621,"16":0.977769196,"17":0.9747562408,"18":0.9781519771,"19":0.9762954712,"20":0.9786148071,"21":0.9795201421,"22":0.9796409607,"23":0.9787495732,"24":0.9799556732,"25":0.9781907201,"26":0.9752152562,"27":0.979382813,"28":0.9806340337,"29":0.9796879888,"30":0.9773972631,"31":0.9789683223,"32":0.980635345,"33":0.9776198268,"34":0.9770749211,"35":0.9779141545,"36":0.9668954015,"37":0.977013886,"38":0.9741401672,"39":0.9706325531,"40":0.9793370366,"41":0.9726753235,"42":0.9845237732,"43":0.9783153534,"44":0.9811115265,"45":0.9833876491,"46":0.9815006256,"47":0.9798259735,"48":0.9822323918,"49":0.9836864471,"50":0.9819056392,"51":0.9843800664,"52":0.9852231145,"53":0.983915329,"54":0.9822419286,"55":0.9866638184,"56":0.9868462682,"57":0.9823277593,"58":0.9873835444,"59":0.9863173366,"60":0.9857031703,"61":0.9853076935,"62":0.9842821956,"63":0.9806404114,"64":0.9814084172,"65":0.9787972569,"66":0.9802067876,"67":0.9849427342,"68":0.9798062444,"69":0.9835090637,"70":0.9743906856,"71":0.9805558324,"72":0.9815788269,"73":0.9799340367,"74":0.982381165,"75":0.9847698212,"76":0.9822921753,"77":0.9851703644,"78":0.9862499237,"79":0.9865792394,"80":0.9853553772,"81":0.9832655787,"82":0.9780871272,"83":0.9808318019,"84":0.9783344269,"85":0.980515182,"86":0.9833876491,"87":0.9824206233,"88":0.9842039943,"89":0.9831898808,"90":0.983247757,"91":0.9852612615,"92":0.9826113582,"93":0.98325032,"94":0.9824981689,"95":0.9859803319,"96":0.9861971736,"97":0.9841734767,"98":0.9848639369,"99":0.9833971858}}