{"loss":{"0":0.38189888,"1":0.1377457976,"2":0.1437477469,"3":0.0997808352,"4":0.1015532613,"5":0.1375115663,"6":0.1086089984,"7":0.1262410581,"8":0.0941940695,"9":0.0623437762,"10":0.1143686026,"11":0.0993696973,"12":0.0886404067,"13":0.0719082281,"14":0.0806696564,"15":0.1016055793,"16":0.0959405079,"17":0.1118613854,"18":0.0639688522,"19":0.0791482478,"20":0.1184872538,"21":0.070904538,"22":0.0722399354,"23":0.0806946605,"24":0.0839868039,"25":0.0883585066,"26":0.0895251185,"27":0.0595076159,"28":0.0631527454,"29":0.0799914077,"30":0.0756719857,"31":0.0989798456,"32":0.0949498266,"33":0.0601340644,"34":0.0317866318,"35":0.0701275393,"36":0.0785174444,"37":0.050558649,"38":0.0754443482,"39":0.0836932212,"40":0.083789289,"41":0.0509147756,"42":0.0879648179,"43":0.0581272356,"44":0.0699076504,"45":0.0475815758,"46":0.0690882653,"47":0.0727611929,"48":0.0633150786,"49":0.0641290396,"50":0.0672376454,"51":0.0541137345,"52":0.0740559697,"53":0.0538003817,"54":0.0682237148,"55":0.0666353106,"56":0.0481643006,"57":0.0599626489,"58":0.0720889866,"59":0.0311398469,"60":0.0627832487,"61":0.0782757849,"62":0.0407319292,"63":0.0481262021,"64":0.0651540905,"65":0.0244477056,"66":0.0187106561,"67":0.064210698,"68":0.0723983422,"69":0.0487135909,"70":0.0536282733,"71":0.0513721928,"72":0.0695639327,"73":0.0678315535,"74":0.0666038543,"75":0.0463334434,"76":0.066884324,"77":0.0677766576,"78":0.0393675715,"79":0.0509904437,"80":0.0632682368,"81":0.0404930413,"82":0.0450794883,"83":0.0544813797,"84":0.0455194376,"85":0.0544527844,"86":0.0721410662,"87":0.0373490825,"88":0.0626379102,"89":0.0575162396,"90":0.044948481,"91":0.0428609326,"92":0.0464616418,"93":0.0711731166,"94":0.0556565337,"95":0.0741748139,"96":0.0448590517,"97":0.0207922515,"98":0.0526305363,"99":0.0460976437},"accuracy":{"0":0.8491613269,"1":0.9499769211,"2":0.9560178518,"3":0.9697432518,"4":0.963983655,"5":0.9566526413,"6":0.9663270116,"7":0.9663751721,"8":0.9735029936,"9":0.9748566747,"10":0.9654945135,"11":0.9705219269,"12":0.9718883634,"13":0.9747478366,"14":0.9732295871,"15":0.9663089514,"16":0.9666721225,"17":0.9655300379,"18":0.9776117206,"19":0.9741142392,"20":0.9617089033,"21":0.9777005911,"22":0.9768722653,"23":0.9739314914,"24":0.9752219915,"25":0.9709038734,"26":0.9719623327,"27":0.9806079865,"28":0.9799904823,"29":0.974485755,"30":0.9773019552,"31":0.9712730646,"32":0.9683891535,"33":0.9777396917,"34":0.9873056412,"35":0.982427597,"36":0.9794866443,"37":0.9839898348,"38":0.9770763516,"39":0.973311305,"40":0.9737197757,"41":0.9830671549,"42":0.9728239179,"43":0.981189847,"44":0.9801443219,"45":0.9853971601,"46":0.9801622629,"47":0.9780138731,"48":0.9789503813,"49":0.9793378711,"50":0.9761506915,"51":0.9837921262,"52":0.974963367,"53":0.9835170507,"54":0.9817516208,"55":0.9814276695,"56":0.98369807,"57":0.9807122946,"58":0.9781293869,"59":0.9903152585,"60":0.9821479917,"61":0.9738053083,"62":0.9871484637,"63":0.9848824739,"64":0.9779943228,"65":0.991578877,"66":0.9923709631,"67":0.9858473539,"68":0.9776836634,"69":0.9863132238,"70":0.9825676084,"71":0.9853979349,"72":0.9794267416,"73":0.9786764383,"74":0.9795359373,"75":0.986528039,"76":0.9817641973,"77":0.9812551737,"78":0.9895302057,"79":0.9849184155,"80":0.9789663553,"81":0.987624526,"82":0.9880077243,"83":0.9846816063,"84":0.9860464334,"85":0.9839693904,"86":0.9759472013,"87":0.9889554977,"88":0.9816894531,"89":0.9816039801,"90":0.9853600264,"91":0.9872583151,"92":0.9844207764,"93":0.9756119847,"94":0.9819480777,"95":0.9768163562,"96":0.9861391187,"97":0.9927385449,"98":0.9854420424,"99":0.9858165979},"val_loss":{"0":0.2043610513,"1":0.1280103177,"2":0.1247419044,"3":0.1017144173,"4":0.0910927802,"5":0.0994375274,"6":0.0866527334,"7":0.0813841075,"8":0.0802267194,"9":0.0732888132,"10":0.072567597,"11":0.0753320828,"12":0.0780352354,"13":0.0661794767,"14":0.0659874454,"15":0.0935072526,"16":0.1476097107,"17":0.0866991505,"18":0.0708817244,"19":0.0637115017,"20":0.0729862973,"21":0.0673512444,"22":0.0544728003,"23":0.0775728598,"24":0.0597649701,"25":0.0610544495,"26":0.0797424912,"27":0.0565040819,"28":0.0700847656,"29":0.0761744156,"30":0.061143849,"31":0.064649418,"32":0.087677829,"33":0.0570855215,"34":0.0594067201,"35":0.0579029024,"36":0.0494186766,"37":0.0495492071,"38":0.0616514608,"39":0.0575429685,"40":0.068788752,"41":0.0511122644,"42":0.0585573949,"43":0.0484050959,"44":0.0562955104,"45":0.0486213081,"46":0.0615190566,"47":0.0533376299,"48":0.0500952564,"49":0.0500326343,"50":0.0569243431,"51":0.057318721,"52":0.0534029566,"53":0.0455610231,"54":0.0502598621,"55":0.0474527106,"56":0.0448188223,"57":0.054246109,"58":0.0451792032,"59":0.0424044915,"60":0.0446227789,"61":0.0499025434,"62":0.0468440652,"63":0.0450450219,"64":0.0499487668,"65":0.049094595,"66":0.051840093,"67":0.0453006215,"68":0.0473906212,"69":0.0447860584,"70":0.0472107753,"71":0.0481922887,"72":0.0494448729,"73":0.0452273451,"74":0.0478397012,"75":0.0423865244,"76":0.0516628139,"77":0.0650409088,"78":0.0469977036,"79":0.0461535789,"80":0.0462149195,"81":0.042844139,"82":0.0468397401,"83":0.047897689,"84":0.0416052751,"85":0.0552126765,"86":0.0441267081,"87":0.0420082845,"88":0.0472601764,"89":0.0513907261,"90":0.046960216,"91":0.0427458361,"92":0.0457165688,"93":0.0590159185,"94":0.0468928851,"95":0.057337556,"96":0.0385650024,"97":0.0393552966,"98":0.040646594,"99":0.0491584204},"val_accuracy":{"0":0.9308432341,"1":0.956186235,"2":0.958995223,"3":0.9620372653,"4":0.9683223367,"5":0.9615519643,"6":0.971745491,"7":0.9720436335,"8":0.9721808434,"9":0.9731816649,"10":0.9754130244,"11":0.9732556939,"12":0.9716485739,"13":0.9763361812,"14":0.9767462015,"15":0.9745308161,"16":0.9199056625,"17":0.9751169086,"18":0.9749898314,"19":0.9786611199,"20":0.9788255692,"21":0.978603363,"22":0.980736196,"23":0.9784060121,"24":0.9795547724,"25":0.9805576205,"26":0.9773284197,"27":0.9807377458,"28":0.975335598,"29":0.9788672924,"30":0.9798728228,"31":0.9793035984,"32":0.9735627174,"33":0.9798677564,"34":0.9801619053,"35":0.9798397422,"36":0.9825919867,"37":0.9838948846,"38":0.9821639061,"39":0.9806497097,"40":0.9793086648,"41":0.9824652672,"42":0.981253624,"43":0.9836074114,"44":0.982852757,"45":0.9837415814,"46":0.9826716781,"47":0.9835151434,"48":0.9826346636,"49":0.9833604097,"50":0.9818347096,"51":0.9837967157,"52":0.982401669,"53":0.9849603772,"54":0.9851285815,"55":0.9851369858,"56":0.9849080443,"57":0.9856346846,"58":0.9857491255,"59":0.9862269759,"60":0.9866036177,"61":0.9844861627,"62":0.984102428,"63":0.9849845171,"64":0.9846529365,"65":0.9862256646,"66":0.9869526029,"67":0.9853013754,"68":0.9856328964,"69":0.985683322,"70":0.9861468673,"71":0.9844765663,"72":0.9854671359,"73":0.9853149652,"74":0.9854080677,"75":0.9859929681,"76":0.9850024581,"77":0.9819080234,"78":0.9849876165,"79":0.9852852821,"80":0.9862633944,"81":0.9857235551,"82":0.9851189852,"83":0.9849463701,"84":0.9866913557,"85":0.9852237105,"86":0.9861732721,"87":0.9865522385,"88":0.9865276217,"89":0.9841876626,"90":0.9843851924,"91":0.9866558909,"92":0.9867002368,"93":0.9857783914,"94":0.9862521291,"95":0.9860683084,"96":0.9875875115,"97":0.9870074391,"98":0.9871320724,"99":0.9860619307}}