{"loss":{"0":0.5523152947,"1":0.2494846582,"2":0.1742605716,"3":0.1902710199,"4":0.1569844037,"5":0.1206318736,"6":0.1046053395,"7":0.120232977,"8":0.1179137081,"9":0.0745179877,"10":0.0981977209,"11":0.0943658352,"12":0.1117105931,"13":0.129802376,"14":0.1178243533},"accuracy":{"0":0.8318517804,"1":0.9222529531,"2":0.9505571127,"3":0.9434207678,"4":0.9588623047,"5":0.9637907743,"6":0.9680885077,"7":0.961411953,"8":0.9602201581,"9":0.9735803604,"10":0.9690650105,"11":0.972597301,"12":0.96577245,"13":0.9638786316,"14":0.9691849947},"val_loss":{"0":0.2691090405,"1":0.1498065889,"2":0.1300922632,"3":0.0919557363,"4":0.1110148579,"5":0.0736265033,"6":0.0680639297,"7":0.067307815,"8":0.0813644007,"9":0.0603872947,"10":0.0593667217,"11":0.0641871989,"12":0.0703184456,"13":0.079410024,"14":0.0708878487},"val_accuracy":{"0":0.925742805,"1":0.9588994384,"2":0.9654353261,"3":0.9711759686,"4":0.9679182172,"5":0.9759848118,"6":0.9773733616,"7":0.9792223573,"8":0.9755171537,"9":0.9797795415,"10":0.9799531698,"11":0.9809786677,"12":0.9797202349,"13":0.9768190384,"14":0.9786348343}}