{"loss":{"0":1.031298399,"1":0.8712908626,"2":0.8190606833,"3":0.8058068156,"4":0.7709440589,"5":0.7385636568,"6":0.7029649615,"7":0.7051372528,"8":0.6853984594,"9":0.6591561437,"10":0.6792876124,"11":0.6456031799,"12":0.636672616,"13":0.6333541274,"14":0.641240716,"15":0.6194224358,"16":0.6210604906,"17":0.6069781184,"18":0.5751446486,"19":0.5650604963,"20":0.5920098424,"21":0.5612950921,"22":0.5601531267,"23":0.5525664091,"24":0.5665095448,"25":0.5644106269,"26":0.5399029851,"27":0.5063877106,"28":0.5271462202,"29":0.5168180466,"30":0.5115742683,"31":0.5177594423,"32":0.5099692941,"33":0.5027643442,"34":0.5119704008,"35":0.4903038144,"36":0.5117374063,"37":0.4723978043,"38":0.4953761697,"39":0.4763790071,"40":0.4960577488,"41":0.4579333365,"42":0.4855840802,"43":0.4885925353,"44":0.4916507602,"45":0.4479002357,"46":0.4785802364,"47":0.4551715255,"48":0.457705915,"49":0.4343978763},"accuracy":{"0":0.5846644044,"1":0.7063863873,"2":0.718116045,"3":0.7289248705,"4":0.7430590391,"5":0.7550460696,"6":0.7894104123,"7":0.7565211058,"8":0.7754449844,"9":0.7941918373,"10":0.7924342155,"11":0.8003975153,"12":0.8089389801,"13":0.7876271009,"14":0.795963347,"15":0.7894257307,"16":0.801332593,"17":0.8084982038,"18":0.8004218936,"19":0.803186059,"20":0.7842723727,"21":0.809423089,"22":0.8082399368,"23":0.8165963292,"24":0.7921321988,"25":0.7936950922,"26":0.8181558847,"27":0.839863956,"28":0.8062915802,"29":0.8055585623,"30":0.8130199313,"31":0.817114532,"32":0.8201436996,"33":0.8089805841,"34":0.8129661679,"35":0.8114099503,"36":0.8177253604,"37":0.8290322423,"38":0.8154221773,"39":0.8231800199,"40":0.8227094412,"41":0.8267230988,"42":0.8206720352,"43":0.8113527298,"44":0.8161799312,"45":0.8190714121,"46":0.8178895116,"47":0.8268210292,"48":0.8217180967,"49":0.8444347382},"val_loss":{"0":2.4532768726,"1":2.3196778297,"2":1.9152852297,"3":1.7895908356,"4":1.2249774933,"5":1.2381879091,"6":1.0693383217,"7":1.0721375942,"8":1.2503376007,"9":1.0656415224,"10":1.1559511423,"11":1.0304570198,"12":1.1500848532,"13":1.0675457716,"14":0.7340624928,"15":0.8213326931,"16":0.8451288939,"17":0.9919628501,"18":0.8789536953,"19":0.7762979269,"20":0.6415456533,"21":0.7347784042,"22":0.5777621865,"23":0.7152311206,"24":0.6134286523,"25":0.5011842251,"26":0.5045556426,"27":0.6750540733,"28":0.5854460001,"29":0.5362751484,"30":0.4879704416,"31":0.5264348984,"32":0.5710657239,"33":0.5200592875,"34":0.4998907149,"35":0.4764048457,"36":0.4620505273,"37":0.4525214136,"38":0.5032580495,"39":0.5324748755,"40":0.4558440447,"41":0.4610214829,"42":0.6381519437,"43":0.6381418705,"44":0.4272904098,"45":0.5200616121,"46":0.4568012953,"47":0.4876509011,"48":0.4351832867,"49":0.5339463949},"val_accuracy":{"0":0.3400664032,"1":0.3705258369,"2":0.4075896442,"3":0.5070061088,"4":0.6096739769,"5":0.6640424728,"6":0.6763038635,"7":0.6773917675,"8":0.6725985408,"9":0.6769811511,"10":0.6632265449,"11":0.6925592422,"12":0.6973323822,"13":0.7165185809,"14":0.7472299933,"15":0.7290653586,"16":0.7358731627,"17":0.7029147744,"18":0.6364365816,"19":0.7312589884,"20":0.7760775685,"21":0.7456868291,"22":0.8078476191,"23":0.7613919377,"24":0.7790819407,"25":0.8398717046,"26":0.8410192728,"27":0.7384597659,"28":0.792656064,"29":0.8339591026,"30":0.8378363848,"31":0.8196210861,"32":0.7981143594,"33":0.8228693008,"34":0.8250900507,"35":0.8331851363,"36":0.8415308595,"37":0.8434586525,"38":0.8203732967,"39":0.799805522,"40":0.8454113603,"41":0.8400855064,"42":0.7779943347,"43":0.7708610296,"44":0.8489615917,"45":0.8055661917,"46":0.8374020457,"47":0.8211834431,"48":0.8462574482,"49":0.8035693169}}