{"loss":{"0":1.1554229259,"1":1.1110540628,"2":1.0870467424,"3":1.0713403225,"4":1.06475842,"5":1.045599699,"6":1.0390689373,"7":1.0288010836,"8":1.0261040926,"9":1.0110771656,"10":1.0039628744,"11":0.9919274449,"12":0.9843058586,"13":0.9735514522,"14":0.9851142168,"15":0.9739166498,"16":0.9557959437,"17":0.9546348453,"18":0.9444950819,"19":0.9477273822,"20":0.9608721733,"21":0.9496871829,"22":0.9319966435,"23":0.9245101213,"24":0.923412919,"25":0.9150736928,"26":0.9231739044,"27":0.9186941385,"28":0.9073293805,"29":0.8932409286,"30":0.883467555,"31":0.8845816851,"32":0.8966754675,"33":0.9103357196,"34":0.8674148321,"35":0.8746407628,"36":0.8645391464,"37":0.8868137598,"38":0.8563245535,"39":0.8622854948,"40":0.8664366603,"41":0.8757739067,"42":0.8557861447,"43":0.8607964516},"accuracy":{"0":0.3928713202,"1":0.4517887235,"2":0.5231654644,"3":0.5583575964,"4":0.5155349374,"5":0.5994536877,"6":0.5706925392,"7":0.5601679683,"8":0.5540131927,"9":0.6037346125,"10":0.5781620145,"11":0.5894332528,"12":0.6107650399,"13":0.6183297634,"14":0.5546145439,"15":0.5594964623,"16":0.6058913469,"17":0.5818397403,"18":0.5916172266,"19":0.5425328612,"20":0.5309582353,"21":0.5393069983,"22":0.5641048551,"23":0.5743935108,"24":0.5368300676,"25":0.5800588727,"26":0.5596074462,"27":0.5837134123,"28":0.5855761766,"29":0.5793725252,"30":0.6019220948,"31":0.5895950794,"32":0.5691323876,"33":0.559360981,"34":0.5986890197,"35":0.6085117459,"36":0.6050394773,"37":0.5801943541,"38":0.6282578111,"39":0.6127704382,"40":0.5554955602,"41":0.546508491,"42":0.612352252,"43":0.5495876074},"val_loss":{"0":1.0844467878,"1":1.0715214014,"2":1.060978055,"3":1.0522478819,"4":1.0423364639,"5":1.0348966122,"6":1.0286099911,"7":1.0219219923,"8":1.0136363506,"9":1.0059908628,"10":0.9982231259,"11":0.9906862378,"12":0.9844820499,"13":0.9773942232,"14":0.9696246386,"15":0.9639126658,"16":0.9579960108,"17":0.9527367353,"18":0.9478242397,"19":0.9419764876,"20":0.9381074905,"21":0.9341217279,"22":0.9303808212,"23":0.927099824,"24":0.9223238826,"25":0.917889595,"26":0.9157701135,"27":0.9118750691,"28":0.9077733755,"29":0.9026311636,"30":0.8985244632,"31":0.8963708282,"32":0.8938335776,"33":0.8897123933,"34":0.884554863,"35":0.883359313,"36":0.8817415833,"37":0.877505064,"38":0.877070725,"39":0.8750942349,"40":0.8726917505,"41":0.8696342111,"42":0.8669151068,"43":0.8657000661},"val_accuracy":{"0":0.5888698101,"1":0.5951870084,"2":0.5945600867,"3":0.5937740207,"4":0.5954716802,"5":0.5966199636,"6":0.5969520211,"7":0.5960575938,"8":0.5958760381,"9":0.5963929296,"10":0.5970926285,"11":0.5971716046,"12":0.5966435671,"13":0.5947347879,"14":0.5956514478,"15":0.5972766876,"16":0.594901979,"17":0.5969426632,"18":0.5971566439,"19":0.5983440876,"20":0.5972309113,"21":0.5965697169,"22":0.596449554,"23":0.5965149403,"24":0.5983938575,"25":0.598272562,"26":0.5985304117,"27":0.5984277725,"28":0.5947831869,"29":0.5958182216,"30":0.5956133604,"31":0.5932884812,"32":0.5930725932,"33":0.5932046771,"34":0.5974317193,"35":0.5940330625,"36":0.593785584,"37":0.5982171893,"38":0.595965445,"39":0.5964846015,"40":0.5946781039,"41":0.5951682925,"42":0.5983592868,"43":0.5987468958}}