{"loss":{"0":0.0125970263,"1":0.0166532788,"2":0.0101421662,"3":0.0124052074,"4":0.0111719705,"5":0.0100340638,"6":0.01310689,"7":0.0085077751,"8":0.0141635267,"9":0.0218732208,"10":0.0284683462,"11":0.0328073986,"12":0.0260676146,"13":0.0216775332,"14":0.0169941597,"15":0.0129627064,"16":0.0157648306,"17":0.0115161045,"18":0.0102024022,"19":0.0140222814},"accuracy":{"0":0.9959872961,"1":0.9944288135,"2":0.9966905713,"3":0.9955226779,"4":0.9960764647,"5":0.9967615008,"6":0.9955375791,"7":0.9969507456,"8":0.9955453873,"9":0.9928039312,"10":0.9905366898,"11":0.9898933172,"12":0.9920181036,"13":0.9930928946,"14":0.9946638346,"15":0.9953368902,"16":0.9950073957,"17":0.9958521128,"18":0.9963285327,"19":0.9958654642},"val_loss":{"0":0.0195399411,"1":0.0150643298,"2":0.0126314601,"3":0.0113891168,"4":0.0112952273,"5":0.0163078401,"6":0.0102799796,"7":0.0106776301,"8":0.0143496459,"9":0.0184361916,"10":0.0251983758,"11":0.0334587954,"12":0.0315272398,"13":0.0194994155,"14":0.0173868947,"15":0.0153344143,"16":0.0177784711,"17":0.0103742238,"18":0.0114652598,"19":0.0102292094},"val_accuracy":{"0":0.9938726425,"1":0.9954327941,"2":0.996008575,"3":0.9960588813,"4":0.996307075,"5":0.9949532747,"6":0.99654603,"7":0.9964955449,"8":0.9951886535,"9":0.9943681955,"10":0.9911618829,"11":0.9908781052,"12":0.9913092852,"13":0.9942162037,"14":0.9944120646,"15":0.995018959,"16":0.9944577813,"17":0.99647367,"18":0.9961802363,"19":0.996561408}}