{"loss":{"0":0.440833658,"1":0.1967988759,"2":0.1661277562,"3":0.1074445844,"4":0.1293195337,"5":0.1160062551,"6":0.0996181965,"7":0.1243554801,"8":0.1353878826,"9":0.127696529,"10":0.1160713807,"11":0.1139131337,"12":0.1077031121,"13":0.0646307766,"14":0.0646281987,"15":0.1278725415,"16":0.0726944953,"17":0.05187295,"18":0.0980825871,"19":0.1239790097,"20":0.0834641904,"21":0.0769511908,"22":0.0554149151,"23":0.0969253555,"24":0.0823416412,"25":0.1255576164,"26":0.0864175409,"27":0.0864431486},"accuracy":{"0":0.8187173605,"1":0.9393014908,"2":0.9456045032,"3":0.9649719,"4":0.9616047144,"5":0.9634867907,"6":0.9685430527,"7":0.9624494314,"8":0.9597795606,"9":0.9604305029,"10":0.9620472193,"11":0.9638198614,"12":0.965646863,"13":0.9770001173,"14":0.9750118256,"15":0.9640867114,"16":0.9758640528,"17":0.9810159802,"18":0.9723049402,"19":0.9613574147,"20":0.9762393832,"21":0.9754551053,"22":0.9812326431,"23":0.9725367427,"24":0.97514534,"25":0.9659240842,"26":0.9713256955,"27":0.9736525416},"val_loss":{"0":0.2020922899,"1":0.2399293184,"2":0.1654656678,"3":0.1323783398,"4":0.1445225924,"5":0.1156507209,"6":0.1590481997,"7":0.1178644672,"8":0.1431762576,"9":0.0916144773,"10":0.1221444681,"11":0.1046688929,"12":0.0851469412,"13":0.0726179406,"14":0.0838556886,"15":0.1302692145,"16":0.0840021074,"17":0.0910973847,"18":0.0830043405,"19":0.1059140041,"20":0.0714616999,"21":0.076222159,"22":0.0763826072,"23":0.0804910436,"24":0.068887569,"25":0.0963892639,"26":0.078738831,"27":0.0722403154},"val_accuracy":{"0":0.9351046681,"1":0.9202216268,"2":0.9447050095,"3":0.9561898112,"4":0.9523007274,"5":0.9662942886,"6":0.9439236522,"7":0.9602925181,"8":0.9492591023,"9":0.9711644053,"10":0.9643996358,"11":0.9706964493,"12":0.9737653732,"13":0.9755207896,"14":0.972617805,"15":0.9641529918,"16":0.9764954448,"17":0.9700174332,"18":0.9765164256,"19":0.9696766734,"20":0.9755010605,"21":0.9753198624,"22":0.9758272171,"23":0.9747565389,"24":0.9794022441,"25":0.973069191,"26":0.9749657512,"27":0.9784116745}}